Symbol,Price,Time
20MICRONS.NS,214.3,2026-01-02 22:46:48
21STCENMGM.NS,49.39,2026-01-02 22:46:49
360ONE.NS,1200.1,2026-01-02 22:46:49
3IINFOLTD.NS,16.9,2026-01-02 22:46:49
3MINDIA.NS,36170.0,2026-01-02 22:46:49
3PLAND.NS,37.69,2026-01-02 22:46:49
5PAISA.NS,367.8,2026-01-02 22:46:50
63MOONS.NS,725.75,2026-01-02 22:46:50
A2ZINFRA.NS,15.53,2026-01-02 22:46:50
AAATECH.NS,96.67,2026-01-02 22:46:51
AADHARHFC.NS,500.55,2026-01-02 22:46:51
AAKASH.NS,8.76,2026-01-02 22:46:51
AAREYDRUGS.NS,66.34,2026-01-02 22:46:51
AARON.NS,176.5,2026-01-02 22:46:51
AARTECH.NS,48.98,2026-01-02 22:46:52
AARTIDRUGS.NS,410.95,2026-01-02 22:46:52
AARTIIND.NS,376.95,2026-01-02 22:46:52
AARTIPHARM.NS,742.1,2026-01-02 22:46:53
AARTISURF.NS,387.55,2026-01-02 22:46:53
AARVI.NS,128.69,2026-01-02 22:46:53
AAVAS.NS,1443.4,2026-01-02 22:46:53
ABAN.NS,19.86,2026-01-02 22:46:54
ABB.NS,5205.5,2026-01-02 22:46:54
ABBOTINDIA.NS,28125.0,2026-01-02 22:46:54
ABCAPITAL.NS,361.25,2026-01-02 22:46:54
ABCOTS.NS,412.2,2026-01-02 22:46:55
ABDL.NS,580.0,2026-01-02 22:46:55
ABFRL.NS,78.16,2026-01-02 22:46:55
ABINFRA.NS,18.71,2026-01-02 22:46:55
ABLBL.NS,125.18,2026-01-02 22:46:55
ABMINTLLTD.NS,42.0,2026-01-02 22:46:56
ABREL.NS,1664.2,2026-01-02 22:46:56
ABSLAMC.NS,833.6,2026-01-02 22:46:56
ACC.NS,1748.8,2026-01-02 22:46:56
ACCELYA.NS,1309.2,2026-01-02 22:46:57
ACCURACY.NS,5.8,2026-01-02 22:46:57
ACE.NS,976.8,2026-01-02 22:46:57
ACEINTEG.NS,22.74,2026-01-02 22:46:57
ACI.NS,562.7,2026-01-02 22:46:58
ACL.NS,67.02,2026-01-02 22:46:58
ACMESOLAR.NS,240.47,2026-01-02 22:46:58
ACUTAAS.NS,1749.3,2026-01-02 22:46:58
ADANIENSOL.NS,1057.9,2026-01-02 22:46:59
ADANIENT.NS,2279.8,2026-01-02 22:46:59
ADANIGREEN.NS,1038.8,2026-01-02 22:46:59
ADANIPORTS.NS,1489.5,2026-01-02 22:46:59
ADANIPOWER.NS,148.17,2026-01-02 22:47:00
ADFFOODS.NS,204.09,2026-01-02 22:47:00
ADL.NS,79.23,2026-01-02 22:47:00
ADOR.NS,1037.7,2026-01-02 22:47:00
ADROITINFO.NS,10.13,2026-01-02 22:47:03
ADSL.NS,155.46,2026-01-02 22:47:03
ADVANCE.NS,121.26,2026-01-02 22:47:03
ADVANIHOTR.NS,58.08,2026-01-02 22:47:03
ADVENTHTL.NS,235.53,2026-01-02 22:47:04
ADVENZYMES.NS,302.15,2026-01-02 22:47:04
AEGISLOG.NS,726.15,2026-01-02 22:47:04
AEGISVOPAK.NS,248.82,2026-01-02 22:47:04
AEQUS.NS,137.37,2026-01-02 22:47:04
AEROENTER.NS,87.91,2026-01-02 22:47:05
AEROFLEX.NS,197.57,2026-01-02 22:47:05
AERONEU.NS,74.95,2026-01-02 22:47:05
AETHER.NS,944.1,2026-01-02 22:47:05
AFCONS.NS,390.85,2026-01-02 22:47:05
AFFLE.NS,1782.7,2026-01-02 22:47:06
AFFORDABLE.NS,208.78,2026-01-02 22:47:06
AFIL.NS,6.42,2026-01-02 22:47:06
AFSL.NS,202.42,2026-01-02 22:47:06
AGARIND.NS,720.05,2026-01-02 22:47:07
AGARWALEYE.NS,501.95,2026-01-02 22:47:07
AGI.NS,759.65,2026-01-02 22:47:07
AGIIL.NS,273.35,2026-01-02 22:47:07
AGRITECH.NS,153.13,2026-01-02 22:47:07
AGROPHOS.NS,40.48,2026-01-02 22:47:08
AGSTRA.NS,4.15,2026-01-02 22:47:08
AHCL.NS,154.7,2026-01-02 22:47:08
AHLADA.NS,47.43,2026-01-02 22:47:08
AHLEAST.NS,147.53,2026-01-02 22:47:09
AHLUCONT.NS,960.45,2026-01-02 22:47:09
AIAENG.NS,4089.7,2026-01-02 22:47:09
AIIL.NS,3045.8,2026-01-02 22:47:09
AIRAN.NS,18.32,2026-01-02 22:47:10
AIROLAM.NS,101.01,2026-01-02 22:47:10
AJANTPHARM.NS,2949.2,2026-01-02 22:47:10
AJAXENGG.NS,595.1,2026-01-02 22:47:10
AJMERA.NS,1001.75,2026-01-02 22:47:11
AJOONI.NS,4.33,2026-01-02 22:47:11
AKASH.NS,25.76,2026-01-02 22:47:11
AKG.NS,12.56,2026-01-02 22:47:11
AKI.NS,6.79,2026-01-02 22:47:12
AKSHAR.NS,0.5,2026-01-02 22:47:12
AKSHARCHEM.NS,239.07,2026-01-02 22:47:12
AKSHOPTFBR.NS,6.49,2026-01-02 22:47:13
AKUMS.NS,451.85,2026-01-02 22:47:13
AKZOINDIA.NS,3211.6,2026-01-02 22:47:13
ALANKIT.NS,10.87,2026-01-02 22:47:13
ALBERTDAVD.NS,752.7,2026-01-02 22:47:13
ALEMBICLTD.NS,103.37,2026-01-02 22:47:14
ALICON.NS,847.2,2026-01-02 22:47:14
ALIVUS.NS,913.0,2026-01-02 22:47:14
ALKALI.NS,81.16,2026-01-02 22:47:17
ALKEM.NS,5592.5,2026-01-02 22:47:17
ALKYLAMINE.NS,1607.1,2026-01-02 22:47:17
ALLCARGO.NS,11.44,2026-01-02 22:47:17
ALLDIGI.NS,836.95,2026-01-02 22:47:18
ALLTIME.NS,263.35,2026-01-02 22:47:18
ALMONDZ.NS,18.68,2026-01-02 22:47:18
ALOKINDS.NS,16.26,2026-01-02 22:47:18
ALPA.NS,78.04,2026-01-02 22:47:19
ALPHAGEO.NS,229.64,2026-01-02 22:47:19
AMANTA.NS,109.74,2026-01-02 22:47:19
AMBER.NS,6482.5,2026-01-02 22:47:19
AMBICAAGAR.NS,25.5,2026-01-02 22:47:20
AMBIKCO.NS,1247.2,2026-01-02 22:47:20
AMBUJACEM.NS,565.4,2026-01-02 22:47:20
AMDIND.NS,47.29,2026-01-02 22:47:20
AMJLAND.NS,51.37,2026-01-02 22:47:21
AMNPLST.NS,192.33,2026-01-02 22:47:21
AMRUTANJAN.NS,672.75,2026-01-02 22:47:21
ANANDRATHI.NS,3079.4,2026-01-02 22:47:21
ANANTRAJ.NS,584.05,2026-01-02 22:47:22
ANDHRAPAP.NS,67.45,2026-01-02 22:47:22
ANDHRSUGAR.NS,75.98,2026-01-02 22:47:22
ANGELONE.NS,2387.9,2026-01-02 22:47:23
ANIKINDS.NS,51.8,2026-01-02 22:47:23
ANKITMETAL.NS,1.75,2026-01-02 22:47:23
ANMOL.NS,14.26,2026-01-02 22:47:23
ANSALAPI.NS,3.33,2026-01-02 22:47:24
ANTELOPUS.NS,406.4,2026-01-02 22:47:24
ANTGRAPHIC.NS,1.04,2026-01-02 22:47:24
ANTHEM.NS,654.45,2026-01-02 22:47:24
ANUHPHR.NS,80.2,2026-01-02 22:47:25
ANUP.NS,2256.4,2026-01-02 22:47:25
ANURAS.NS,1325.3,2026-01-02 22:47:25
APARINDS.NS,8264.5,2026-01-02 22:47:25
APCL.NS,124.76,2026-01-02 22:47:26
APCOTEXIND.NS,370.85,2026-01-02 22:47:26
APEX.NS,295.95,2026-01-02 22:47:26
APLAPOLLO.NS,1931.9,2026-01-02 22:47:26
APLLTD.NS,835.05,2026-01-02 22:47:27
APOLLO.NS,271.9,2026-01-02 22:47:27
APOLLOHOSP.NS,7129.5,2026-01-02 22:47:27
APOLLOPIPE.NS,289.75,2026-01-02 22:47:28
APOLLOTYRE.NS,497.25,2026-01-02 22:47:28
APOLSINHOT.NS,1188.0,2026-01-02 22:47:28
APTECHT.NS,94.02,2026-01-02 22:47:28
APTUS.NS,283.8,2026-01-02 22:47:29
ARCHIDPLY.NS,89.41,2026-01-02 22:47:29
ARCHIES.NS,18.43,2026-01-02 22:47:29
ARE&M.NS,928.3,2026-01-02 22:47:29
ARENTERP.NS,44.89,2026-01-02 22:47:32
ARFIN.NS,74.78,2026-01-02 22:47:32
ARIES.NS,345.45,2026-01-02 22:47:32
ARIHANTCAP.NS,90.57,2026-01-02 22:47:33
ARIHANTSUP.NS,343.0,2026-01-02 22:47:33
ARISINFRA.NS,131.44,2026-01-02 22:47:33
ARKADE.NS,137.21,2026-01-02 22:47:33
ARMANFIN.NS,1520.9,2026-01-02 22:47:33
AROGRANITE.NS,32.87,2026-01-02 22:47:34
ARROWGREEN.NS,516.05,2026-01-02 22:47:34
ARSHIYA.NS,1.25,2026-01-02 22:47:34
ARSSBL.NS,656.45,2026-01-02 22:47:35
ARTEMISMED.NS,276.15,2026-01-02 22:47:35
ARTNIRMAN.NS,46.67,2026-01-02 22:47:35
ARVEE.NS,199.93,2026-01-02 22:47:35
ARVIND.NS,318.35,2026-01-02 22:47:35
ARVINDFASN.NS,510.55,2026-01-02 22:47:36
ARVSMART.NS,594.3,2026-01-02 22:47:36
ASAHIINDIA.NS,992.1,2026-01-02 22:47:36
ASAHISONG.NS,260.95,2026-01-02 22:47:36
ASAL.NS,485.1,2026-01-02 22:47:37
ASALCBR.NS,952.3,2026-01-02 22:47:37
ASHAPURMIN.NS,901.0,2026-01-02 22:47:37
ASHIANA.NS,286.0,2026-01-02 22:47:37
ASHIMASYN.NS,19.44,2026-01-02 22:47:38
ASHOKA.NS,169.36,2026-01-02 22:47:38
ASHOKAMET.NS,15.68,2026-01-02 22:47:38
ASHOKLEY.NS,188.78,2026-01-02 22:47:38
ASIANENE.NS,288.1,2026-01-02 22:47:39
ASIANHOTNR.NS,324.0,2026-01-02 22:47:39
ASIANPAINT.NS,2772.6,2026-01-02 22:47:39
ASIANTILES.NS,76.65,2026-01-02 22:47:39
ASKAUTOLTD.NS,482.1,2026-01-02 22:47:40
ASMS.NS,12.0,2026-01-02 22:47:40
ASPINWALL.NS,241.05,2026-01-02 22:47:40
ASTEC.NS,715.15,2026-01-02 22:47:40
ASTERDM.NS,613.9,2026-01-02 22:47:41
ASTRAL.NS,1453.4,2026-01-02 22:47:41
ASTRAMICRO.NS,963.35,2026-01-02 22:47:41
ASTRAZEN.NS,8601.5,2026-01-02 22:47:41
ASTRON.NS,6.02,2026-01-02 22:47:41
ATALREAL.NS,25.97,2026-01-02 22:47:42
ATAM.NS,82.58,2026-01-02 22:47:42
ATGL.NS,587.6,2026-01-02 22:47:42
ATHERENERG.NS,741.65,2026-01-02 22:47:42
ATL.NS,28.19,2026-01-02 22:47:43
ATLANTAA.NS,44.45,2026-01-02 22:47:43
ATLANTAELE.NS,907.35,2026-01-02 22:47:43
ATLASCYCLE.NS,104.39,2026-01-02 22:47:44
ATUL.NS,6109.5,2026-01-02 22:47:44
ATULAUTO.NS,464.1,2026-01-02 22:47:46
AUBANK.NS,999.4,2026-01-02 22:47:46
AURIGROW.NS,0.7,2026-01-02 22:47:47
AURIONPRO.NS,1086.2,2026-01-02 22:47:47
AUROPHARMA.NS,1215.4,2026-01-02 22:47:47
AURUM.NS,187.11,2026-01-02 22:47:47
AUSOMENT.NS,110.63,2026-01-02 22:47:48
AUTOAXLES.NS,1969.2,2026-01-02 22:47:48
AUTOIND.NS,79.35,2026-01-02 22:47:48
AVADHSUGAR.NS,373.6,2026-01-02 22:47:48
AVALON.NS,893.75,2026-01-02 22:47:49
AVANTEL.NS,157.67,2026-01-02 22:47:49
AVANTIFEED.NS,880.25,2026-01-02 22:47:49
AVG.NS,175.15,2026-01-02 22:47:49
AVL.NS,483.55,2026-01-02 22:47:50
AVONMORE.NS,18.65,2026-01-02 22:47:50
AVROIND.NS,117.78,2026-01-02 22:47:50
AVTNPL.NS,67.51,2026-01-02 22:47:50
AWFIS.NS,493.9,2026-01-02 22:47:51
AWHCL.NS,492.65,2026-01-02 22:47:51
AWL.NS,236.27,2026-01-02 22:47:51
AXISBANK.NS,1266.9,2026-01-02 22:47:51
AXISCADES.NS,1373.8,2026-01-02 22:47:52
AXITA.NS,11.74,2026-01-02 22:47:52
AYMSYNTEX.NS,170.22,2026-01-02 22:47:52
AZAD.NS,1652.8,2026-01-02 22:47:52
BAFNAPH.NS,151.15,2026-01-02 22:47:53
BAGFILMS.NS,6.27,2026-01-02 22:47:53
BAIDFIN.NS,11.06,2026-01-02 22:47:53
BAJAJ-AUTO.NS,9502.5,2026-01-02 22:47:53
BAJAJCON.NS,267.35,2026-01-02 22:47:53
BAJAJELEC.NS,479.35,2026-01-02 22:47:54
BAJAJFINSV.NS,2038.4,2026-01-02 22:47:54
BAJAJHCARE.NS,418.6,2026-01-02 22:47:54
BAJAJHFL.NS,96.62,2026-01-02 22:47:54
BAJAJHIND.NS,18.68,2026-01-02 22:47:55
BAJAJHLDNG.NS,11181.0,2026-01-02 22:47:55
BAJAJINDEF.NS,357.3,2026-01-02 22:47:55
BAJEL.NS,174.51,2026-01-02 22:47:55
BAJFINANCE.NS,990.45,2026-01-02 22:47:56
BALAJEE.NS,40.35,2026-01-02 22:47:56
BALAJITELE.NS,107.3,2026-01-02 22:47:56
BALAMINES.NS,1110.0,2026-01-02 22:47:56
BALAXI.NS,27.06,2026-01-02 22:47:57
BALKRISHNA.NS,18.47,2026-01-02 22:47:57
BALKRISIND.NS,2368.6,2026-01-02 22:47:57
BALMLAWRIE.NS,184.43,2026-01-02 22:47:57
BALPHARMA.NS,73.25,2026-01-02 22:47:58
BALRAMCHIN.NS,438.55,2026-01-02 22:47:58
BALUFORGE.NS,596.4,2026-01-02 22:47:58
BANARBEADS.NS,127.4,2026-01-02 22:48:00
BANARISUG.NS,3602.4,2026-01-02 22:48:01
BANCOINDIA.NS,708.7,2026-01-02 22:48:01
BANDHANBNK.NS,144.46,2026-01-02 22:48:01
BANG.NS,48.17,2026-01-02 22:48:01
BANKA.NS,67.63,2026-01-02 22:48:02
BANKBARODA.NS,305.05,2026-01-02 22:48:02
BANKINDIA.NS,149.22,2026-01-02 22:48:02
BANSALWIRE.NS,311.25,2026-01-02 22:48:02
BANSWRAS.NS,114.38,2026-01-02 22:48:03
BASF.NS,3934.8,2026-01-02 22:48:03
BASML.NS,26.19,2026-01-02 22:48:03
BATAINDIA.NS,950.15,2026-01-02 22:48:03
BAYERCROP.NS,4546.7,2026-01-02 22:48:04
BBL.NS,2759.9,2026-01-02 22:48:04
BBOX.NS,557.4,2026-01-02 22:48:04
BBTC.NS,1880.9,2026-01-02 22:48:04
BBTCL.NS,193.68,2026-01-02 22:48:05
BCG.NS,10.55,2026-01-02 22:48:05
BCLIND.NS,32.74,2026-01-02 22:48:05
BCONCEPTS.NS,337.7,2026-01-02 22:48:05
BDL.NS,1495.0,2026-01-02 22:48:06
BEARDSELL.NS,30.33,2026-01-02 22:48:06
BECTORFOOD.NS,244.49,2026-01-02 22:48:06
BEDMUTHA.NS,111.42,2026-01-02 22:48:06
BEL.NS,403.15,2026-01-02 22:48:07
BELLACASA.NS,379.5,2026-01-02 22:48:07
BELRISE.NS,185.05,2026-01-02 22:48:07
BEML.NS,1857.8,2026-01-02 22:48:07
BEPL.NS,91.24,2026-01-02 22:48:08
BERGEPAINT.NS,524.1,2026-01-02 22:48:08
BESTAGRO.NS,390.3,2026-01-02 22:48:08
BETA.NS,1629.4,2026-01-02 22:48:08
BFINVEST.NS,418.55,2026-01-02 22:48:09
BFUTILITIE.NS,685.25,2026-01-02 22:48:09
BGRENERGY.NS,359.1,2026-01-02 22:48:09
BHAGCHEM.NS,200.62,2026-01-02 22:48:09
BHAGERIA.NS,183.41,2026-01-02 22:48:10
BHAGYANGR.NS,161.24,2026-01-02 22:48:10
BHANDARI.NS,4.24,2026-01-02 22:48:10
BHARATFORG.NS,1477.2,2026-01-02 22:48:10
BHARATGEAR.NS,117.29,2026-01-02 22:48:11
BHARATRAS.NS,2202.0,2026-01-02 22:48:11
BHARATSE.NS,177.6,2026-01-02 22:48:11
BHARATWIRE.NS,186.62,2026-01-02 22:48:11
BHARTIARTL.NS,2106.3,2026-01-02 22:48:12
BHARTIHEXA.NS,1802.1,2026-01-02 22:48:12
BHEL.NS,299.5,2026-01-02 22:48:12
BIGBLOC.NS,73.06,2026-01-02 22:48:12
BIKAJI.NS,735.6,2026-01-02 22:48:13
BIL.NS,735.35,2026-01-02 22:48:15
BILVYAPAR.NS,7.49,2026-01-02 22:48:15
BIOCON.NS,392.95,2026-01-02 22:48:15
BIOFILCHEM.NS,33.49,2026-01-02 22:48:16
BIRLACABLE.NS,136.54,2026-01-02 22:48:16
BIRLACORPN.NS,1109.3,2026-01-02 22:48:16
BIRLAMONEY.NS,144.65,2026-01-02 22:48:16
BIRLANU.NS,1741.1,2026-01-02 22:48:17
BLACKBUCK.NS,699.1,2026-01-02 22:48:17
BLAL.NS,207.22,2026-01-02 22:48:17
BLBLIMITED.NS,13.8,2026-01-02 22:48:17
BLISSGVS.NS,162.82,2026-01-02 22:48:17
BLKASHYAP.NS,53.5,2026-01-02 22:48:18
BLS.NS,316.8,2026-01-02 22:48:18
BLSE.NS,199.35,2026-01-02 22:48:18
BLUECOAST.NS,35.09,2026-01-02 22:48:18
BLUEDART.NS,5593.5,2026-01-02 22:48:19
BLUEJET.NS,531.1,2026-01-02 22:48:19
BLUESTARCO.NS,1816.1,2026-01-02 22:48:19
BLUESTONE.NS,500.75,2026-01-02 22:48:19
BLUSPRING.NS,65.97,2026-01-02 22:48:19
BMWVENTLTD.NS,57.52,2026-01-02 22:48:20
BODALCHEM.NS,53.99,2026-01-02 22:48:20
BOHRAIND.NS,17.06,2026-01-02 22:48:20
BOMDYEING.NS,130.01,2026-01-02 22:48:21
BORANA.NS,303.15,2026-01-02 22:48:21
BOROLTD.NS,283.5,2026-01-02 22:48:21
BORORENEW.NS,547.95,2026-01-02 22:48:21
BOROSCI.NS,119.58,2026-01-02 22:48:21
BOSCH-HCIL.NS,1442.6,2026-01-02 22:48:22
BOSCHLTD.NS,39420.0,2026-01-02 22:48:22
BPCL.NS,381.45,2026-01-02 22:48:22
BPL.NS,66.71,2026-01-02 22:48:22
BRIGADE.NS,890.45,2026-01-02 22:48:23
BRIGHOTEL.NS,68.7,2026-01-02 22:48:23
BRITANNIA.NS,5984.5,2026-01-02 22:48:23
BRNL.NS,22.12,2026-01-02 22:48:23
BROOKS.NS,77.26,2026-01-02 22:48:24
BSE.NS,2666.5,2026-01-02 22:48:24
BSHSL.NS,107.07,2026-01-02 22:48:24
BSL.NS,147.17,2026-01-02 22:48:24
BSOFT.NS,432.05,2026-01-02 22:48:25
BTML.NS,8.49,2026-01-02 22:48:25
BUTTERFLY.NS,643.15,2026-01-02 22:48:25
BVCL.NS,43.23,2026-01-02 22:48:25
BYKE.NS,53.74,2026-01-02 22:48:26
CALSOFT.NS,15.73,2026-01-02 22:48:26
CAMLINFINE.NS,149.85,2026-01-02 22:48:26
CAMPUS.NS,261.85,2026-01-02 22:48:26
CAMS.NS,756.55,2026-01-02 22:48:27
CANBK.NS,154.87,2026-01-02 22:48:29
CANFINHOME.NS,940.4,2026-01-02 22:48:29
CANHLIFE.NS,149.7,2026-01-02 22:48:29
CANTABIL.NS,289.15,2026-01-02 22:48:30
CAPACITE.NS,257.85,2026-01-02 22:48:30
CAPILLARY.NS,673.2,2026-01-02 22:48:30
CAPITALSFB.NS,270.85,2026-01-02 22:48:30
CAPLIPOINT.NS,1848.8,2026-01-02 22:48:31
CAPTRUST.NS,12.9,2026-01-02 22:48:31
CARBORUNIV.NS,859.55,2026-01-02 22:48:31
CARERATING.NS,1688.5,2026-01-02 22:48:31
CARRARO.NS,556.4,2026-01-02 22:48:32
CARTRADE.NS,2900.9,2026-01-02 22:48:32
CARYSIL.NS,918.0,2026-01-02 22:48:32
CASTROLIND.NS,191.5,2026-01-02 22:48:32
CCCL.NS,18.1,2026-01-02 22:48:33
CCHHL.NS,15.23,2026-01-02 22:48:33
CCL.NS,915.7,2026-01-02 22:48:33
CDSL.NS,1466.6,2026-01-02 22:48:33
CEATLTD.NS,3887.2,2026-01-02 22:48:34
CEIGALL.NS,274.45,2026-01-02 22:48:34
CELEBRITY.NS,9.08,2026-01-02 22:48:34
CELLO.NS,547.25,2026-01-02 22:48:34
CEMPRO.NS,774.65,2026-01-02 22:48:35
CENTENKA.NS,457.45,2026-01-02 22:48:35
CENTEXT.NS,22.63,2026-01-02 22:48:35
CENTRALBK.NS,38.77,2026-01-02 22:48:35
CENTRUM.NS,29.09,2026-01-02 22:48:36
CENTUM.NS,2266.8,2026-01-02 22:48:36
CENTURYPLY.NS,824.1,2026-01-02 22:48:36
CERA.NS,5258.0,2026-01-02 22:48:36
CEREBRAINT.NS,6.21,2026-01-02 22:48:37
CESC.NS,175.37,2026-01-02 22:48:37
CEWATER.NS,471.65,2026-01-02 22:48:37
CGCL.NS,185.22,2026-01-02 22:48:37
CGPOWER.NS,649.1,2026-01-02 22:48:38
CHALET.NS,902.5,2026-01-02 22:48:38
CHAMBLFERT.NS,479.9,2026-01-02 22:48:38
CHEMBOND.NS,161.36,2026-01-02 22:48:38
CHEMBONDCH.NS,152.88,2026-01-02 22:48:39
CHEMCON.NS,208.04,2026-01-02 22:48:39
CHEMFAB.NS,426.8,2026-01-02 22:48:39
CHEMPLASTS.NS,265.8,2026-01-02 22:48:39
CHENNPETRO.NS,827.2,2026-01-02 22:48:40
CHEVIOT.NS,1073.5,2026-01-02 22:48:40
CHOICEIN.NS,850.3,2026-01-02 22:48:40
CHOLAFIN.NS,1781.1,2026-01-02 22:48:40
CHOLAHLDNG.NS,1872.5,2026-01-02 22:48:41
CIEINDIA.NS,427.75,2026-01-02 22:48:41
CIFL.NS,34.92,2026-01-02 22:48:41
CIGNITITEC.NS,1624.0,2026-01-02 22:48:43
CINELINE.NS,85.91,2026-01-02 22:48:43
CINEVISTA.NS,16.09,2026-01-02 22:48:44
CIPLA.NS,1511.6,2026-01-02 22:48:44
CLEAN.NS,869.8,2026-01-02 22:48:44
CLEDUCATE.NS,86.17,2026-01-02 22:48:45
CLSEL.NS,268.9,2026-01-02 22:48:45
CMSINFO.NS,355.3,2026-01-02 22:48:45
CNL.NS,729.85,2026-01-02 22:48:45
COALINDIA.NS,427.9,2026-01-02 22:48:45
COASTCORP.NS,45.64,2026-01-02 22:48:46
COCHINSHIP.NS,1629.0,2026-01-02 22:48:46
COFFEEDAY.NS,36.36,2026-01-02 22:48:46
COFORGE.NS,1650.3,2026-01-02 22:48:46
COHANCE.NS,518.3,2026-01-02 22:48:47
COLPAL.NS,2090.1,2026-01-02 22:48:47
COMPINFO.NS,1.68,2026-01-02 22:48:47
COMPUSOFT.NS,16.24,2026-01-02 22:48:47
COMSYN.NS,154.09,2026-01-02 22:48:48
CONCOR.NS,531.8,2026-01-02 22:48:48
CONCORDBIO.NS,1311.5,2026-01-02 22:48:48
CONFIPET.NS,37.25,2026-01-02 22:48:48
CONSOFINVT.NS,164.73,2026-01-02 22:48:49
CONTROLPR.NS,693.4,2026-01-02 22:48:49
CORALFINAC.NS,40.65,2026-01-02 22:48:49
CORDSCABLE.NS,187.53,2026-01-02 22:48:49
COROMANDEL.NS,2280.1,2026-01-02 22:48:50
CORONA.NS,1443.5,2026-01-02 22:48:50
COSMOFIRST.NS,695.2,2026-01-02 22:48:50
COUNCODOS.NS,6.04,2026-01-02 22:48:50
CPCAP.NS,113.55,2026-01-02 22:48:51
CPEDU.NS,253.45,2026-01-02 22:48:51
CPPLUS.NS,1501.4,2026-01-02 22:48:51
CRAFTSMAN.NS,8013.5,2026-01-02 22:48:51
CRAMC.NS,311.05,2026-01-02 22:48:51
CREATIVEYE.NS,7.15,2026-01-02 22:48:52
CREDITACC.NS,1287.7,2026-01-02 22:48:52
CREST.NS,397.85,2026-01-02 22:48:52
CRISIL.NS,4458.6,2026-01-02 22:48:52
CRIZAC.NS,283.15,2026-01-02 22:48:53
CROMPTON.NS,252.1,2026-01-02 22:48:53
CROWN.NS,137.55,2026-01-02 22:48:53
CSBBANK.NS,483.15,2026-01-02 22:48:53
CSLFINANCE.NS,297.45,2026-01-02 22:48:54
CTE.NS,39.9,2026-01-02 22:48:54
CUB.NS,288.5,2026-01-02 22:48:54
CUBEXTUB.NS,121.5,2026-01-02 22:48:54
CUMMINSIND.NS,4482.1,2026-01-02 22:48:54
CUPID.NS,419.95,2026-01-02 22:48:55
CURAA.NS,109.91,2026-01-02 22:48:55
CYBERMEDIA.NS,17.14,2026-01-02 22:48:57
CYBERTECH.NS,148.19,2026-01-02 22:48:57
CYIENT.NS,1105.9,2026-01-02 22:48:58
CYIENTDLM.NS,415.85,2026-01-02 22:48:58
DABUR.NS,522.6,2026-01-02 22:48:58
DALBHARAT.NS,2147.1,2026-01-02 22:48:59
DALMIASUG.NS,297.4,2026-01-02 22:48:59
DAMCAPITAL.NS,219.12,2026-01-02 22:48:59
DAMODARIND.NS,30.09,2026-01-02 22:48:59
DANGEE.NS,3.75,2026-01-02 22:49:00
DATAMATICS.NS,805.8,2026-01-02 22:49:00
DATAPATTNS.NS,2621.7,2026-01-02 22:49:00
DAVANGERE.NS,3.76,2026-01-02 22:49:00
DBCORP.NS,260.35,2026-01-02 22:49:01
DBEIL.NS,118.32,2026-01-02 22:49:01
DBL.NS,467.85,2026-01-02 22:49:01
DBOL.NS,80.26,2026-01-02 22:49:01
DBREALTY.NS,120.55,2026-01-02 22:49:02
DBSTOCKBRO.NS,24.87,2026-01-02 22:49:02
DCAL.NS,254.78,2026-01-02 22:49:02
DCBBANK.NS,177.44,2026-01-02 22:49:02
DCI.NS,245.74,2026-01-02 22:49:03
DCM.NS,92.54,2026-01-02 22:49:03
DCMFINSERV.NS,5.4,2026-01-02 22:49:03
DCMNVL.NS,139.37,2026-01-02 22:49:03
DCMSHRIRAM.NS,1257.2,2026-01-02 22:49:04
DCMSRIND.NS,54.53,2026-01-02 22:49:04
DCW.NS,57.73,2026-01-02 22:49:04
DCXINDIA.NS,193.56,2026-01-02 22:49:04
DDEVPLSTIK.NS,301.45,2026-01-02 22:49:05
DECCANCE.NS,730.9,2026-01-02 22:49:05
DEEDEV.NS,214.9,2026-01-02 22:49:05
DEEPAKFERT.NS,1261.8,2026-01-02 22:49:05
DEEPAKNTR.NS,1711.1,2026-01-02 22:49:06
DEEPINDS.NS,454.75,2026-01-02 22:49:06
DELHIVERY.NS,404.5,2026-01-02 22:49:06
DELPHIFX.NS,234.23,2026-01-02 22:49:06
DELTACORP.NS,70.47,2026-01-02 22:49:07
DELTAMAGNT.NS,67.36,2026-01-02 22:49:07
DEN.NS,31.38,2026-01-02 22:49:07
DENORA.NS,693.85,2026-01-02 22:49:08
DENTA.NS,339.35,2026-01-02 22:49:08
DEVIT.NS,35.65,2026-01-02 22:49:08
DEVX.NS,42.02,2026-01-02 22:49:08
DEVYANI.NS,148.07,2026-01-02 22:49:08
DGCONTENT.NS,32.6,2026-01-02 22:49:09
DHAMPURSUG.NS,123.9,2026-01-02 22:49:09
DHANBANK.NS,24.96,2026-01-02 22:49:09
DHANUKA.NS,1178.7,2026-01-02 22:49:10
DHARAN.NS,0.22,2026-01-02 22:49:10
DHARMAJ.NS,245.15,2026-01-02 22:49:12
DHRUV.NS,47.25,2026-01-02 22:49:12
DHUNINV.NS,1234.8,2026-01-02 22:49:13
DIACABS.NS,137.01,2026-01-02 22:49:13
DIAMINESQ.NS,263.7,2026-01-02 22:49:13
DIAMONDYD.NS,1203.6,2026-01-02 22:49:13
DICIND.NS,503.25,2026-01-02 22:49:14
DIFFNKG.NS,336.25,2026-01-02 22:49:14
DIGIDRIVE.NS,26.37,2026-01-02 22:49:14
DIGISPICE.NS,23.54,2026-01-02 22:49:14
DIGITIDE.NS,133.5,2026-01-02 22:49:15
DIGJAMLMTD.NS,55.34,2026-01-02 22:49:15
DIL.NS,1.71,2026-01-02 22:49:15
DISHTV.NS,4.03,2026-01-02 22:49:15
DIVGIITTS.NS,613.5,2026-01-02 22:49:15
DIVISLAB.NS,6392.5,2026-01-02 22:49:16
DIXON.NS,12165.0,2026-01-02 22:49:16
DJML.NS,70.46,2026-01-02 22:49:16
DLF.NS,698.2,2026-01-02 22:49:17
DLINKINDIA.NS,430.65,2026-01-02 22:49:17
DMART.NS,3719.8,2026-01-02 22:49:17
DMCC.NS,255.55,2026-01-02 22:49:17
DNAMEDIA.NS,3.84,2026-01-02 22:49:18
DODLA.NS,1220.4,2026-01-02 22:49:18
DOLATALGO.NS,91.54,2026-01-02 22:49:18
DOLLAR.NS,353.9,2026-01-02 22:49:18
DOLPHIN.NS,479.4,2026-01-02 22:49:18
DOMS.NS,2673.9,2026-01-02 22:49:19
DONEAR.NS,93.52,2026-01-02 22:49:19
DPABHUSHAN.NS,1417.2,2026-01-02 22:49:19
DPSCLTD.NS,10.03,2026-01-02 22:49:19
DPWIRES.NS,208.1,2026-01-02 22:49:20
DRCSYSTEMS.NS,17.24,2026-01-02 22:49:20
DREAMFOLKS.NS,108.99,2026-01-02 22:49:20
DREDGECORP.NS,963.95,2026-01-02 22:49:20
DRREDDY.NS,1256.1,2026-01-02 22:49:21
DSSL.NS,1005.0,2026-01-02 22:49:21
DTIL.NS,158.94,2026-01-02 22:49:21
DUCON.NS,3.58,2026-01-02 22:49:21
DVL.NS,283.4,2026-01-02 22:49:22
DWARKESH.NS,37.88,2026-01-02 22:49:22
DYCL.NS,343.1,2026-01-02 22:49:22
DYNAMATECH.NS,9503.0,2026-01-02 22:49:22
DYNPRO.NS,255.75,2026-01-02 22:49:23
E2E.NS,2027.5,2026-01-02 22:49:23
EASEMYTRIP.NS,7.44,2026-01-02 22:49:23
EBGNG.NS,310.7,2026-01-02 22:49:23
ECLERX.NS,4721.5,2026-01-02 22:49:23
ECOSMOBLTY.NS,199.96,2026-01-02 22:49:24
EDELWEISS.NS,113.92,2026-01-02 22:49:24
EFCIL.NS,302.6,2026-01-02 22:49:26
EICHERMOT.NS,7334.5,2026-01-02 22:49:26
EIDPARRY.NS,1011.2,2026-01-02 22:49:27
EIEL.NS,206.75,2026-01-02 22:49:27
EIFFL.NS,268.05,2026-01-02 22:49:27
EIHAHOTELS.NS,359.1,2026-01-02 22:49:27
EIHOTEL.NS,367.3,2026-01-02 22:49:28
EIMCOELECO.NS,1625.3,2026-01-02 22:49:28
EKC.NS,117.19,2026-01-02 22:49:28
ELDEHSG.NS,926.4,2026-01-02 22:49:28
ELECON.NS,501.0,2026-01-02 22:49:29
ELECTCAST.NS,76.75,2026-01-02 22:49:29
ELECTHERM.NS,868.9,2026-01-02 22:49:29
ELGIEQUIP.NS,483.8,2026-01-02 22:49:29
ELGIRUBCO.NS,45.57,2026-01-02 22:49:30
ELIN.NS,166.61,2026-01-02 22:49:30
ELLEN.NS,341.6,2026-01-02 22:49:30
EMAMILTD.NS,522.55,2026-01-02 22:49:30
EMAMIPAP.NS,88.4,2026-01-02 22:49:31
EMAMIREAL.NS,82.19,2026-01-02 22:49:31
EMBDL.NS,56.59,2026-01-02 22:49:31
EMCURE.NS,1430.9,2026-01-02 22:49:31
EMIL.NS,105.14,2026-01-02 22:49:31
EMKAY.NS,286.25,2026-01-02 22:49:32
EMMBI.NS,100.3,2026-01-02 22:49:32
EMMVEE.NS,187.75,2026-01-02 22:49:32
EMSLIMITED.NS,433.9,2026-01-02 22:49:32
EMUDHRA.NS,576.35,2026-01-02 22:49:33
ENDURANCE.NS,2540.2,2026-01-02 22:49:33
ENERGYDEV.NS,20.42,2026-01-02 22:49:33
ENGINERSIN.NS,206.4,2026-01-02 22:49:33
ENIL.NS,114.05,2026-01-02 22:49:34
ENRIN.NS,2546.7,2026-01-02 22:49:34
ENTERO.NS,1123.5,2026-01-02 22:49:34
EPACK.NS,281.1,2026-01-02 22:49:34
EPACKPEB.NS,260.9,2026-01-02 22:49:35
EPIGRAL.NS,1245.8,2026-01-02 22:49:35
EPL.NS,214.38,2026-01-02 22:49:35
EQUIPPP.NS,23.25,2026-01-02 22:49:35
EQUITASBNK.NS,64.16,2026-01-02 22:49:35
ERIS.NS,1533.5,2026-01-02 22:49:36
ESABINDIA.NS,6167.5,2026-01-02 22:49:36
ESAFSFB.NS,26.77,2026-01-02 22:49:36
ESCORTS.NS,3847.1,2026-01-02 22:49:37
ESSARSHPNG.NS,27.37,2026-01-02 22:49:37
ESSENTIA.NS,1.54,2026-01-02 22:49:37
ESTER.NS,102.37,2026-01-02 22:49:37
ETERNAL.NS,284.15,2026-01-02 22:49:38
ETHOSLTD.NS,2953.5,2026-01-02 22:49:38
EUREKAFORB.NS,628.55,2026-01-02 22:49:38
EUROBOND.NS,175.59,2026-01-02 22:49:40
EUROPRATIK.NS,311.85,2026-01-02 22:49:40
EUROTEXIND.NS,14.19,2026-01-02 22:49:41
EVEREADY.NS,337.15,2026-01-02 22:49:41
EVERESTIND.NS,527.95,2026-01-02 22:49:41
EXCEL.NS,1.42,2026-01-02 22:49:42
EXCELINDUS.NS,952.75,2026-01-02 22:49:42
EXCELSOFT.NS,89.12,2026-01-02 22:49:42
EXICOM.NS,119.26,2026-01-02 22:49:42
EXIDEIND.NS,367.7,2026-01-02 22:49:43
EXPLEOSOL.NS,971.6,2026-01-02 22:49:43
EXXARO.NS,8.09,2026-01-02 22:49:43
FABTECH.NS,198.18,2026-01-02 22:49:43
FACT.NS,908.05,2026-01-02 22:49:44
FAIRCHEMOR.NS,767.1,2026-01-02 22:49:44
FAZE3Q.NS,409.25,2026-01-02 22:49:44
FCL.NS,24.48,2026-01-02 22:49:44
FCSSOFT.NS,1.9,2026-01-02 22:49:45
FDC.NS,419.55,2026-01-02 22:49:45
FEDERALBNK.NS,266.95,2026-01-02 22:49:45
FEDFINA.NS,160.6,2026-01-02 22:49:45
FEL.NS,0.48,2026-01-02 22:49:46
FELDVR.NS,3.12,2026-01-02 22:49:46
FIBERWEB.NS,36.57,2026-01-02 22:49:46
FIEMIND.NS,2334.3,2026-01-02 22:49:46
FILATEX.NS,49.55,2026-01-02 22:49:47
FILATFASH.NS,0.32,2026-01-02 22:49:47
FINCABLES.NS,784.45,2026-01-02 22:49:47
FINEORG.NS,4184.8,2026-01-02 22:49:47
FINKURVE.NS,98.58,2026-01-02 22:49:48
FINOPB.NS,258.95,2026-01-02 22:49:48
FINPIPE.NS,178.51,2026-01-02 22:49:48
FIRSTCRY.NS,289.8,2026-01-02 22:49:48
FISCHER.NS,41.83,2026-01-02 22:49:48
FIVESTAR.NS,532.25,2026-01-02 22:49:49
FLAIR.NS,314.25,2026-01-02 22:49:49
FLEXITUFF.NS,12.68,2026-01-02 22:49:49
FLFL.NS,1.5,2026-01-02 22:49:49
FLUOROCHEM.NS,3648.0,2026-01-02 22:49:50
FMGOETZE.NS,488.9,2026-01-02 22:49:50
FMNL.NS,8.86,2026-01-02 22:49:50
FOCUS.NS,74.73,2026-01-02 22:49:50
FOODSIN.NS,68.74,2026-01-02 22:49:51
FORCEMOT.NS,21230.0,2026-01-02 22:49:51
FORTIS.NS,914.75,2026-01-02 22:49:51
FOSECOIND.NS,4927.7,2026-01-02 22:49:51
FSL.NS,340.55,2026-01-02 22:49:52
FUSION.NS,161.95,2026-01-02 22:49:52
GABRIEL.NS,1051.6,2026-01-02 22:49:52
GAEL.NS,137.71,2026-01-02 22:49:52
GAIL.NS,175.38,2026-01-02 22:49:54
GALAPREC.NS,785.8,2026-01-02 22:49:55
GALAXYSURF.NS,2050.6,2026-01-02 22:49:55
GALLANTT.NS,552.5,2026-01-02 22:49:55
GANDHAR.NS,151.76,2026-01-02 22:49:55
GANDHITUBE.NS,790.85,2026-01-02 22:49:56
GANECOS.NS,851.3,2026-01-02 22:49:56
GANESHBE.NS,81.69,2026-01-02 22:49:56
GANESHCP.NS,224.77,2026-01-02 22:49:56
GANESHHOU.NS,808.9,2026-01-02 22:49:57
GANGAFORGE.NS,3.69,2026-01-02 22:49:57
GANGESSECU.NS,135.58,2026-01-02 22:49:57
GARFIBRES.NS,689.75,2026-01-02 22:49:57
GARUDA.NS,195.29,2026-01-02 22:49:57
GATECH.NS,0.55,2026-01-02 22:49:58
GATECHDVR.NS,0.49,2026-01-02 22:49:58
GATEWAY.NS,60.58,2026-01-02 22:49:58
GAYAHWS.NS,2.77,2026-01-02 22:49:58
GCSL.NS,340.05,2026-01-02 22:49:59
GEECEE.NS,323.2,2026-01-02 22:49:59
GEEKAYWIRE.NS,33.71,2026-01-02 22:49:59
GEMAROMA.NS,166.12,2026-01-02 22:49:59
GENCON.NS,43.8,2026-01-02 22:49:59
GENESYS.NS,429.1,2026-01-02 22:50:00
GENSOL.NS,26.64,2026-01-02 22:50:00
GENUSPAPER.NS,13.02,2026-01-02 22:50:00
GENUSPOWER.NS,300.4,2026-01-02 22:50:00
GEOJITFSL.NS,75.77,2026-01-02 22:50:01
GESHIP.NS,1114.0,2026-01-02 22:50:01
GFLLIMITED.NS,58.74,2026-01-02 22:50:01
GHCL.NS,566.5,2026-01-02 22:50:01
GHCLTEXTIL.NS,76.77,2026-01-02 22:50:02
GICHSGFIN.NS,179.93,2026-01-02 22:50:02
GICRE.NS,379.55,2026-01-02 22:50:02
GILLANDERS.NS,104.99,2026-01-02 22:50:03
GILLETTE.NS,8207.5,2026-01-02 22:50:03
GINNIFILA.NS,41.51,2026-01-02 22:50:03
GIPCL.NS,162.29,2026-01-02 22:50:03
GKENERGY.NS,162.14,2026-01-02 22:50:03
GKSL.NS,102.71,2026-01-02 22:50:04
GKWLIMITED.NS,1723.0,2026-01-02 22:50:04
GLAND.NS,1715.8,2026-01-02 22:50:04
GLAXO.NS,2483.8,2026-01-02 22:50:04
GLENMARK.NS,2064.5,2026-01-02 22:50:05
GLOBAL.NS,89.57,2026-01-02 22:50:05
GLOBALE.NS,12.33,2026-01-02 22:50:05
GLOBALVECT.NS,200.24,2026-01-02 22:50:05
GLOBE.NS,2.96,2026-01-02 22:50:06
GLOBECIVIL.NS,60.45,2026-01-02 22:50:06
GLOBUSSPR.NS,1088.3,2026-01-02 22:50:06
GLOSTERLTD.NS,666.4,2026-01-02 22:50:08
GLOTTIS.NS,61.52,2026-01-02 22:50:08
GMBREW.NS,1207.2,2026-01-02 22:50:09
GMDCLTD.NS,619.45,2026-01-02 22:50:09
GMMPFAUDLR.NS,1093.4,2026-01-02 22:50:09
GMRAIRPORT.NS,105.77,2026-01-02 22:50:09
GMRP&UI.NS,110.23,2026-01-02 22:50:10
GNA.NS,317.7,2026-01-02 22:50:10
GNFC.NS,493.55,2026-01-02 22:50:10
GOACARBON.NS,424.35,2026-01-02 22:50:10
GOCLCORP.NS,292.65,2026-01-02 22:50:11
GOCOLORS.NS,460.3,2026-01-02 22:50:11
GODAVARIB.NS,299.3,2026-01-02 22:50:11
GODFRYPHLP.NS,2249.3,2026-01-02 22:50:11
GODIGIT.NS,346.35,2026-01-02 22:50:12
GODREJAGRO.NS,573.95,2026-01-02 22:50:12
GODREJCP.NS,1235.2,2026-01-02 22:50:12
GODREJIND.NS,1021.1,2026-01-02 22:50:12
GODREJPROP.NS,2068.5,2026-01-02 22:50:13
GOKEX.NS,718.2,2026-01-02 22:50:13
GOKUL.NS,39.38,2026-01-02 22:50:13
GOKULAGRO.NS,179.11,2026-01-02 22:50:13
GOLDENTOBC.NS,32.45,2026-01-02 22:50:14
GOLDIAM.NS,364.55,2026-01-02 22:50:14
GOLDTECH.NS,50.52,2026-01-02 22:50:14
GOODLUCK.NS,1074.5,2026-01-02 22:50:14
GOPAL.NS,319.45,2026-01-02 22:50:15
GOYALALUM.NS,7.19,2026-01-02 22:50:15
GPIL.NS,273.05,2026-01-02 22:50:15
GPPL.NS,182.31,2026-01-02 22:50:15
GPTHEALTH.NS,141.84,2026-01-02 22:50:16
GPTINFRA.NS,108.54,2026-01-02 22:50:16
GRANULES.NS,615.35,2026-01-02 22:50:16
GRAPHITE.NS,659.7,2026-01-02 22:50:16
GRASIM.NS,2856.4,2026-01-02 22:50:17
GRAVITA.NS,1860.5,2026-01-02 22:50:17
GREAVESCOT.NS,193.35,2026-01-02 22:50:17
GREENLAM.NS,247.86,2026-01-02 22:50:17
GREENPANEL.NS,230.8,2026-01-02 22:50:18
GREENPLY.NS,272.85,2026-01-02 22:50:18
GREENPOWER.NS,11.9,2026-01-02 22:50:18
GRINDWELL.NS,1557.9,2026-01-02 22:50:18
GRINFRA.NS,1009.75,2026-01-02 22:50:19
GRMOVER.NS,163.92,2026-01-02 22:50:19
GROBTEA.NS,999.05,2026-01-02 22:50:19
GROWW.NS,155.19,2026-01-02 22:50:19
GRPLTD.NS,1739.8,2026-01-02 22:50:19
GRSE.NS,2437.0,2026-01-02 22:50:20
GRWRHITECH.NS,3170.4,2026-01-02 22:50:20
GSFC.NS,183.91,2026-01-02 22:50:20
GSLSU.NS,100.89,2026-01-02 22:50:22
GSPL.NS,319.95,2026-01-02 22:50:23
GSS.NS,17.06,2026-01-02 22:50:23
GTECJAINX.NS,24.35,2026-01-02 22:50:23
GTL.NS,8.09,2026-01-02 22:50:23
GTLINFRA.NS,1.24,2026-01-02 22:50:24
GTPL.NS,99.29,2026-01-02 22:50:24
GUFICBIO.NS,337.0,2026-01-02 22:50:24
GUJALKALI.NS,504.65,2026-01-02 22:50:24
GUJAPOLLO.NS,430.95,2026-01-02 22:50:25
GUJGASLTD.NS,436.3,2026-01-02 22:50:25
GUJRAFFIA.NS,50.46,2026-01-02 22:50:25
GUJTHEM.NS,435.2,2026-01-02 22:50:25
GULFOILLUB.NS,1211.7,2026-01-02 22:50:26
GULFPETRO.NS,35.79,2026-01-02 22:50:26
GULPOLY.NS,143.4,2026-01-02 22:50:26
GVKPIL.NS,3.09,2026-01-02 22:50:26
GVPIL.NS,340.0,2026-01-02 22:50:27
GVPTECH.NS,8.81,2026-01-02 22:50:27
GVT&D.NS,3093.7,2026-01-02 22:50:27
HAL.NS,4417.8,2026-01-02 22:50:27
HALEOSLABS.NS,1354.0,2026-01-02 22:50:27
HAPPSTMNDS.NS,466.1,2026-01-02 22:50:28
HAPPYFORGE.NS,1185.8,2026-01-02 22:50:28
HARDWYN.NS,17.76,2026-01-02 22:50:28
HARIOMPIPE.NS,395.5,2026-01-02 22:50:28
HARRMALAYA.NS,171.76,2026-01-02 22:50:29
HARSHA.NS,387.45,2026-01-02 22:50:29
HATHWAY.NS,12.68,2026-01-02 22:50:29
HATSUN.NS,975.85,2026-01-02 22:50:29
HAVELLS.NS,1439.9,2026-01-02 22:50:29
HAVISHA.NS,1.86,2026-01-02 22:50:30
HBLENGINE.NS,937.55,2026-01-02 22:50:30
HBSL.NS,73.71,2026-01-02 22:50:30
HCC.NS,19.39,2026-01-02 22:50:31
HCG.NS,655.35,2026-01-02 22:50:31
HCL-INSYS.NS,14.45,2026-01-02 22:50:31
HCLTECH.NS,1640.2,2026-01-02 22:50:31
HDBFS.NS,770.15,2026-01-02 22:50:32
HDFCAMC.NS,2657.2,2026-01-02 22:50:32
HDFCBANK.NS,1001.6,2026-01-02 22:50:32
HDFCLIFE.NS,754.85,2026-01-02 22:50:32
HDIL.NS,2.42,2026-01-02 22:50:33
HEADSUP.NS,8.86,2026-01-02 22:50:33
HECPROJECT.NS,124.57,2026-01-02 22:50:33
HEG.NS,619.7,2026-01-02 22:50:33
HEIDELBERG.NS,175.65,2026-01-02 22:50:34
HEMIPROP.NS,137.94,2026-01-02 22:50:34
HERANBA.NS,243.19,2026-01-02 22:50:34
HERITGFOOD.NS,465.1,2026-01-02 22:50:35
HEROMOTOCO.NS,5933.0,2026-01-02 22:50:37
HESTERBIO.NS,1604.2,2026-01-02 22:50:37
HEUBACHIND.NS,476.8,2026-01-02 22:50:37
HEXATRADEX.NS,162.25,2026-01-02 22:50:38
HEXT.NS,754.15,2026-01-02 22:50:38
HFCL.NS,67.73,2026-01-02 22:50:38
HGINFRA.NS,744.1,2026-01-02 22:50:38
HGM.NS,68.28,2026-01-02 22:50:39
HGS.NS,453.25,2026-01-02 22:50:39
HIKAL.NS,226.96,2026-01-02 22:50:39
HILINFRA.NS,59.89,2026-01-02 22:50:39
HILTON.NS,35.79,2026-01-02 22:50:40
HIMATSEIDE.NS,114.6,2026-01-02 22:50:42
HINDALCO.NS,925.7,2026-01-02 22:50:42
HINDCOMPOS.NS,451.1,2026-01-02 22:50:43
HINDCON.NS,27.21,2026-01-02 22:50:43
HINDCOPPER.NS,541.9,2026-01-02 22:50:43
HINDOILEXP.NS,156.39,2026-01-02 22:50:43
HINDPETRO.NS,495.85,2026-01-02 22:50:44
HINDUNILVR.NS,2348.0,2026-01-02 22:50:44
HINDWAREAP.NS,272.0,2026-01-02 22:50:44
HINDZINC.NS,628.8,2026-01-02 22:50:44
HIRECT.NS,1496.4,2026-01-02 22:50:45
HISARMETAL.NS,163.26,2026-01-02 22:50:45
HITECH.NS,94.89,2026-01-02 22:50:45
HITECHCORP.NS,169.41,2026-01-02 22:50:46
HITECHGEAR.NS,752.75,2026-01-02 22:50:46
HLEGLAS.NS,449.15,2026-01-02 22:50:46
HLVLTD.NS,9.6,2026-01-02 22:50:46
HMAAGRO.NS,29.46,2026-01-02 22:50:46
HMT.NS,47.19,2026-01-02 22:50:47
HMVL.NS,70.1,2026-01-02 22:50:47
HNDFDS.NS,516.2,2026-01-02 22:50:47
HOMEFIRST.NS,1105.1,2026-01-02 22:50:47
HONASA.NS,292.75,2026-01-02 22:50:48
HONAUT.NS,33625.0,2026-01-02 22:50:48
HONDAPOWER.NS,2347.4,2026-01-02 22:50:48
HPAL.NS,42.69,2026-01-02 22:50:49
HPIL.NS,143.11,2026-01-02 22:50:49
HPL.NS,407.6,2026-01-02 22:50:49
HSCL.NS,494.0,2026-01-02 22:50:49
HTMEDIA.NS,23.97,2026-01-02 22:50:50
HUBTOWN.NS,258.56,2026-01-02 22:50:50
HUDCO.NS,231.42,2026-01-02 22:50:50
HUHTAMAKI.NS,212.6,2026-01-02 22:50:50
HYBRIDFIN.NS,20.06,2026-01-02 22:50:51
HYUNDAI.NS,2267.9,2026-01-02 22:50:51
IBULLSLTD.NS,16.47,2026-01-02 22:50:51
ICDSLTD.NS,45.22,2026-01-02 22:50:51
ICEMAKE.NS,807.5,2026-01-02 22:50:53
ICICIAMC.NS,2662.2,2026-01-02 22:50:54
ICICIBANK.NS,1355.4,2026-01-02 22:50:54
ICICIGI.NS,1973.9,2026-01-02 22:50:54
ICICIPRULI.NS,678.3,2026-01-02 22:50:54
ICIL.NS,280.1,2026-01-02 22:50:55
ICRA.NS,6186.5,2026-01-02 22:50:55
IDBI.NS,114.73,2026-01-02 22:50:55
IDEA.NS,11.78,2026-01-02 22:50:55
IDEAFORGE.NS,469.1,2026-01-02 22:50:56
IDFCFIRSTB.NS,85.92,2026-01-02 22:50:56
IEX.NS,134.36,2026-01-02 22:50:56
IFBAGRO.NS,1593.6,2026-01-02 22:50:56
IFBIND.NS,1600.2,2026-01-02 22:50:56
IFCI.NS,53.62,2026-01-02 22:50:57
IFGLEXPOR.NS,213.64,2026-01-02 22:50:57
IGARASHI.NS,464.6,2026-01-02 22:50:57
IGCL.NS,84.02,2026-01-02 22:50:57
IGIL.NS,334.6,2026-01-02 22:50:58
IGL.NS,194.34,2026-01-02 22:50:58
IGPL.NS,395.6,2026-01-02 22:50:58
IIFL.NS,641.4,2026-01-02 22:50:59
IIFLCAPS.NS,377.85,2026-01-02 22:50:59
IITL.NS,167.09,2026-01-02 22:50:59
IKIO.NS,185.49,2026-01-02 22:50:59
IKS.NS,1684.4,2026-01-02 22:50:59
IL&FSENGG.NS,26.08,2026-01-02 22:51:00
IL&FSTRANS.NS,2.98,2026-01-02 22:51:00
IMAGICAA.NS,48.35,2026-01-02 22:51:00
IMFA.NS,1496.1,2026-01-02 22:51:00
IMPAL.NS,1042.6,2026-01-02 22:51:01
IMPEXFERRO.NS,1.87,2026-01-02 22:51:01
INCREDIBLE.NS,40.82,2026-01-02 22:51:01
INDBANK.NS,35.24,2026-01-02 22:51:01
INDGN.NS,522.55,2026-01-02 22:51:02
INDHOTEL.NS,748.65,2026-01-02 22:51:02
INDIACEM.NS,445.4,2026-01-02 22:51:02
INDIAGLYCO.NS,1006.1,2026-01-02 22:51:02
INDIAMART.NS,2177.8,2026-01-02 22:51:03
INDIANB.NS,861.4,2026-01-02 22:51:03
INDIANCARD.NS,241.63,2026-01-02 22:51:03
INDIANHUME.NS,423.8,2026-01-02 22:51:04
INDIASHLTR.NS,820.25,2026-01-02 22:51:04
INDIGO.NS,5106.0,2026-01-02 22:51:04
INDIGOPNTS.NS,1171.2,2026-01-02 22:51:04
INDIQUBE.NS,210.03,2026-01-02 22:51:04
INDNIPPON.NS,841.7,2026-01-02 22:51:05
INDOAMIN.NS,129.58,2026-01-02 22:51:05
INDOBORAX.NS,268.2,2026-01-02 22:51:05
INDOCO.NS,226.65,2026-01-02 22:51:05
INDOFARM.NS,219.22,2026-01-02 22:51:08
INDORAMA.NS,48.11,2026-01-02 22:51:08
INDOSTAR.NS,247.25,2026-01-02 22:51:08
INDOTECH.NS,1601.6,2026-01-02 22:51:08
INDOTHAI.NS,267.6,2026-01-02 22:51:09
INDOUS.NS,121.85,2026-01-02 22:51:09
INDOWIND.NS,15.92,2026-01-02 22:51:09
INDRAMEDCO.NS,455.45,2026-01-02 22:51:09
INDSWFTLAB.NS,91.55,2026-01-02 22:51:10
INDTERRAIN.NS,34.9,2026-01-02 22:51:10
INDUSINDBK.NS,902.45,2026-01-02 22:51:10
INDUSTOWER.NS,442.05,2026-01-02 22:51:10
INFIBEAM.NS,16.65,2026-01-02 22:51:11
INFOBEAN.NS,905.7,2026-01-02 22:51:11
INFOMEDIA.NS,6.51,2026-01-02 22:51:11
INFY.NS,1640.4,2026-01-02 22:51:12
INGERRAND.NS,3507.2,2026-01-02 22:51:12
INNOVACAP.NS,725.15,2026-01-02 22:51:12
INNOVANA.NS,420.55,2026-01-02 22:51:12
INOXGREEN.NS,213.64,2026-01-02 22:51:13
INOXINDIA.NS,1130.8,2026-01-02 22:51:13
INOXWIND.NS,128.04,2026-01-02 22:51:13
INSECTICID.NS,710.35,2026-01-02 22:51:13
INSPIRISYS.NS,90.35,2026-01-02 22:51:14
INTELLECT.NS,961.25,2026-01-02 22:51:14
INTENTECH.NS,118.46,2026-01-02 22:51:14
INTERARCH.NS,2293.0,2026-01-02 22:51:14
INTLCONV.NS,89.77,2026-01-02 22:51:15
INVENTURE.NS,1.2,2026-01-02 22:51:15
IOB.NS,37.23,2026-01-02 22:51:15
IOC.NS,166.79,2026-01-02 22:51:15
IOLCP.NS,84.03,2026-01-02 22:51:16
IONEXCHANG.NS,386.55,2026-01-02 22:51:16
IPCALAB.NS,1404.0,2026-01-02 22:51:16
IPL.NS,176.96,2026-01-02 22:51:16
IRB.NS,42.81,2026-01-02 22:51:17
IRCON.NS,179.22,2026-01-02 22:51:17
IRCTC.NS,694.85,2026-01-02 22:51:17
IREDA.NS,146.64,2026-01-02 22:51:17
IRFC.NS,128.48,2026-01-02 22:51:18
IRIS.NS,313.9,2026-01-02 22:51:18
IRISDOREME.NS,37.18,2026-01-02 22:51:18
IRMENERGY.NS,288.05,2026-01-02 22:51:18
ISFT.NS,91.59,2026-01-02 22:51:19
ISGEC.NS,898.5,2026-01-02 22:51:19
ISHANCH.NS,65.03,2026-01-02 22:51:19
ITC.NS,350.05,2026-01-02 22:51:20
ITCHOTELS.NS,198.69,2026-01-02 22:51:20
ITDC.NS,607.65,2026-01-02 22:51:20
ITI.NS,312.05,2026-01-02 22:51:20
IVALUE.NS,270.65,2026-01-02 22:51:23
IVC.NS,8.12,2026-01-02 22:51:23
IVP.NS,153.97,2026-01-02 22:51:23
IXIGO.NS,241.6,2026-01-02 22:51:23
IZMO.NS,819.8,2026-01-02 22:51:24
J&KBANK.NS,102.36,2026-01-02 22:51:24
JAGRAN.NS,72.27,2026-01-02 22:51:24
JAGSNPHARM.NS,194.13,2026-01-02 22:51:25
JAIBALAJI.NS,72.61,2026-01-02 22:51:25
JAICORPLTD.NS,132.27,2026-01-02 22:51:25
JAINREC.NS,422.25,2026-01-02 22:51:25
JAIPURKURT.NS,32.08,2026-01-02 22:51:26
JAMNAAUTO.NS,132.57,2026-01-02 22:51:26
JARO.NS,465.9,2026-01-02 22:51:26
JASH.NS,433.35,2026-01-02 22:51:27
JAYAGROGN.NS,201.54,2026-01-02 22:51:27
JAYBARMARU.NS,100.42,2026-01-02 22:51:27
JAYKAY.NS,191.07,2026-01-02 22:51:27
JAYNECOIND.NS,91.56,2026-01-02 22:51:28
JAYSREETEA.NS,88.11,2026-01-02 22:51:28
JBCHEPHARM.NS,1850.4,2026-01-02 22:51:28
JBMA.NS,666.6,2026-01-02 22:51:28
JETFREIGHT.NS,16.88,2026-01-02 22:51:29
JGCHEM.NS,357.35,2026-01-02 22:51:29
JHS.NS,9.48,2026-01-02 22:51:29
JINDALPHOT.NS,1501.3,2026-01-02 22:51:29
JINDALPOLY.NS,479.95,2026-01-02 22:51:30
JINDALSAW.NS,170.58,2026-01-02 22:51:30
JINDALSTEL.NS,1080.3,2026-01-02 22:51:30
JINDRILL.NS,570.9,2026-01-02 22:51:31
JINDWORLD.NS,29.59,2026-01-02 22:51:31
JIOFIN.NS,301.7,2026-01-02 22:51:31
JISLDVREQS.NS,27.71,2026-01-02 22:51:31
JISLJALEQS.NS,41.82,2026-01-02 22:51:32
JITFINFRA.NS,279.5,2026-01-02 22:51:32
JKCEMENT.NS,5560.5,2026-01-02 22:51:32
JKIL.NS,602.2,2026-01-02 22:51:32
JKIPL.NS,93.31,2026-01-02 22:51:33
JKLAKSHMI.NS,798.3,2026-01-02 22:51:33
JKPAPER.NS,358.95,2026-01-02 22:51:33
JKTYRE.NS,511.55,2026-01-02 22:51:33
JLHL.NS,1400.4,2026-01-02 22:51:34
JMA.NS,79.68,2026-01-02 22:51:34
JMFINANCIL.NS,149.06,2026-01-02 22:51:34
JNKINDIA.NS,235.95,2026-01-02 22:51:34
JOCIL.NS,144.49,2026-01-02 22:51:35
JPOLYINVST.NS,1022.3,2026-01-02 22:51:35
JPPOWER.NS,17.69,2026-01-02 22:51:35
JSFB.NS,423.45,2026-01-02 22:51:35
JSL.NS,855.4,2026-01-02 22:51:36
JSLL.NS,682.2,2026-01-02 22:51:38
JSWCEMENT.NS,123.01,2026-01-02 22:51:38
JSWENERGY.NS,510.65,2026-01-02 22:51:38
JSWHL.NS,19930.0,2026-01-02 22:51:39
JSWINFRA.NS,285.35,2026-01-02 22:51:39
JSWSTEEL.NS,1180.7,2026-01-02 22:51:39
JTEKTINDIA.NS,148.16,2026-01-02 22:51:40
JTLIND.NS,59.82,2026-01-02 22:51:40
JUBLCPL.NS,2302.6,2026-01-02 22:51:40
JUBLFOOD.NS,552.95,2026-01-02 22:51:40
JUBLINGREA.NS,726.25,2026-01-02 22:51:40
JUBLPHARMA.NS,1055.4,2026-01-02 22:51:41
JUNIPER.NS,252.55,2026-01-02 22:51:41
JUSTDIAL.NS,734.7,2026-01-02 22:51:41
JWL.NS,338.25,2026-01-02 22:51:41
JYOTHYLAB.NS,284.3,2026-01-02 22:51:42
JYOTICNC.NS,993.95,2026-01-02 22:51:42
JYOTISTRUC.NS,10.18,2026-01-02 22:51:42
KABRAEXTRU.NS,228.65,2026-01-02 22:51:42
KAJARIACER.NS,980.85,2026-01-02 22:51:43
KAKATCEM.NS,128.69,2026-01-02 22:51:43
KALAMANDIR.NS,152.39,2026-01-02 22:51:43
KALPATARU.NS,380.75,2026-01-02 22:51:44
KALYANIFRG.NS,634.0,2026-01-02 22:51:44
KALYANKJIL.NS,495.7,2026-01-02 22:51:44
KAMATHOTEL.NS,238.41,2026-01-02 22:51:45
KAMDHENU.NS,25.29,2026-01-02 22:51:45
KAMOPAINTS.NS,6.11,2026-01-02 22:51:45
KANANIIND.NS,1.74,2026-01-02 22:51:45
KANORICHEM.NS,77.33,2026-01-02 22:51:46
KANPRPLA.NS,176.98,2026-01-02 22:51:46
KANSAINER.NS,241.08,2026-01-02 22:51:46
KAPSTON.NS,307.1,2026-01-02 22:51:46
KARMAENG.NS,49.59,2026-01-02 22:51:47
KARURVYSYA.NS,272.5,2026-01-02 22:51:47
KAUSHALYA.NS,876.25,2026-01-02 22:51:47
KAVDEFENCE.NS,73.89,2026-01-02 22:51:47
KAYA.NS,402.9,2026-01-02 22:51:48
KAYNES.NS,3977.2,2026-01-02 22:51:48
KCP.NS,180.25,2026-01-02 22:51:48
KCPSUGIND.NS,26.14,2026-01-02 22:51:48
KDDL.NS,2410.0,2026-01-02 22:51:49
KEC.NS,746.85,2026-01-02 22:51:49
KECL.NS,105.16,2026-01-02 22:51:49
KEEPLEARN.NS,2.46,2026-01-02 22:51:50
KEI.NS,4529.6,2026-01-02 22:51:50
KELLTONTEC.NS,18.95,2026-01-02 22:51:50
KERNEX.NS,1250.8,2026-01-02 22:51:50
KESORAMIND.NS,11.95,2026-01-02 22:51:51
KEYFINSERV.NS,315.8,2026-01-02 22:51:53
KFINTECH.NS,1082.0,2026-01-02 22:51:53
KHADIM.NS,184.83,2026-01-02 22:51:53
KHAICHEM.NS,78.31,2026-01-02 22:51:54
KHAITANLTD.NS,104.01,2026-01-02 22:51:54
KHANDSE.NS,21.42,2026-01-02 22:51:54
KICL.NS,5008.6,2026-01-02 22:51:54
KILITCH.NS,360.4,2026-01-02 22:51:55
KIMS.NS,632.25,2026-01-02 22:51:55
KINGFA.NS,4436.2,2026-01-02 22:51:55
KIOCL.NS,402.8,2026-01-02 22:51:55
KIRIINDUS.NS,616.0,2026-01-02 22:51:56
KIRLOSBROS.NS,1645.1,2026-01-02 22:51:56
KIRLOSENG.NS,1261.1,2026-01-02 22:51:56
KIRLOSIND.NS,3243.0,2026-01-02 22:51:57
KIRLPNU.NS,1058.6,2026-01-02 22:51:57
KITEX.NS,182.68,2026-01-02 22:51:57
KKCL.NS,483.95,2026-01-02 22:51:57
KMEW.NS,1888.1,2026-01-02 22:51:58
KMSUGAR.NS,27.23,2026-01-02 22:51:58
KNAGRI.NS,199.72,2026-01-02 22:51:58
KNRCON.NS,161.03,2026-01-02 22:51:58
KOHINOOR.NS,26.82,2026-01-02 22:51:59
KOKUYOCMLN.NS,92.11,2026-01-02 22:51:59
KOLTEPATIL.NS,393.0,2026-01-02 22:51:59
KOPRAN.NS,152.08,2026-01-02 22:51:59
KOTAKBANK.NS,2195.1,2026-01-02 22:52:00
KOTARISUG.NS,27.5,2026-01-02 22:52:00
KOTHARIPET.NS,132.24,2026-01-02 22:52:00
KOTHARIPRO.NS,75.18,2026-01-02 22:52:01
KPEL.NS,357.5,2026-01-02 22:52:01
KPIGREEN.NS,485.15,2026-01-02 22:52:01
KPIL.NS,1196.8,2026-01-02 22:52:01
KPITTECH.NS,1167.6,2026-01-02 22:52:02
KPRMILL.NS,909.75,2026-01-02 22:52:02
KRBL.NS,396.4,2026-01-02 22:52:02
KREBSBIO.NS,70.97,2026-01-02 22:52:02
KRIDHANINF.NS,4.34,2026-01-02 22:52:03
KRISHANA.NS,527.9,2026-01-02 22:52:03
KRISHIVAL.NS,351.25,2026-01-02 22:52:03
KRISHNADEF.NS,812.65,2026-01-02 22:52:03
KRITI.NS,80.01,2026-01-02 22:52:04
KRITIKA.NS,7.33,2026-01-02 22:52:04
KRITINUT.NS,77.2,2026-01-02 22:52:04
KRN.NS,770.15,2026-01-02 22:52:04
KRONOX.NS,141.78,2026-01-02 22:52:05
KROSS.NS,204.87,2026-01-02 22:52:05
KRSNAA.NS,733.35,2026-01-02 22:52:05
KRYSTAL.NS,524.8,2026-01-02 22:52:05
KSB.NS,753.05,2026-01-02 22:52:06
KSCL.NS,973.5,2026-01-02 22:52:08
KSHINTL.NS,373.55,2026-01-02 22:52:08
KSHITIJPOL.NS,2.61,2026-01-02 22:52:08
KSL.NS,759.9,2026-01-02 22:52:09
KSOLVES.NS,290.0,2026-01-02 22:52:09
KSR.NS,23.83,2026-01-02 22:52:09
KTKBANK.NS,200.0,2026-01-02 22:52:10
KUANTUM.NS,93.34,2026-01-02 22:52:10
LAGNAM.NS,73.47,2026-01-02 22:52:10
LAKPRE.NS,5.0,2026-01-02 22:52:10
LAL.NS,8.98,2026-01-02 22:52:10
LALPATHLAB.NS,1474.2,2026-01-02 22:52:11
LAMBODHARA.NS,120.91,2026-01-02 22:52:11
LANCORHOL.NS,26.29,2026-01-02 22:52:11
LANDMARK.NS,476.2,2026-01-02 22:52:12
LAOPALA.NS,204.68,2026-01-02 22:52:12
LASA.NS,11.41,2026-01-02 22:52:12
LATENTVIEW.NS,459.1,2026-01-02 22:52:12
LATTEYS.NS,21.57,2026-01-02 22:52:12
LAURUSLABS.NS,1106.5,2026-01-02 22:52:13
LAXMICOT.NS,19.13,2026-01-02 22:52:13
LAXMIDENTL.NS,270.85,2026-01-02 22:52:13
LAXMIINDIA.NS,127.35,2026-01-02 22:52:13
LCCINFOTEC.NS,4.63,2026-01-02 22:52:14
LEMERITE.NS,477.95,2026-01-02 22:52:14
LEMONTREE.NS,153.99,2026-01-02 22:52:14
LENSKART.NS,452.15,2026-01-02 22:52:14
LEXUS.NS,26.13,2026-01-02 22:52:15
LFIC.NS,169.99,2026-01-02 22:52:15
LGBBROSLTD.NS,1773.1,2026-01-02 22:52:15
LGEINDIA.NS,1483.4,2026-01-02 22:52:15
LGHL.NS,324.6,2026-01-02 22:52:15
LIBAS.NS,11.07,2026-01-02 22:52:16
LIBERTSHOE.NS,282.15,2026-01-02 22:52:16
LICHSGFIN.NS,545.55,2026-01-02 22:52:16
LICI.NS,860.85,2026-01-02 22:52:17
LIKHITHA.NS,193.41,2026-01-02 22:52:17
LINC.NS,117.33,2026-01-02 22:52:17
LINCOLN.NS,497.15,2026-01-02 22:52:17
LINDEINDIA.NS,5955.5,2026-01-02 22:52:17
LLOYDSENGG.NS,56.14,2026-01-02 22:52:18
LLOYDSENT.NS,62.59,2026-01-02 22:52:18
LLOYDSME.NS,1348.8,2026-01-02 22:52:18
LMW.NS,14954.0,2026-01-02 22:52:18
LODHA.NS,1085.7,2026-01-02 22:52:19
LOKESHMACH.NS,169.35,2026-01-02 22:52:19
LORDSCHLO.NS,163.11,2026-01-02 22:52:19
LOTUSDEV.NS,166.36,2026-01-02 22:52:19
LOTUSEYE.NS,121.7,2026-01-02 22:52:20
LOVABLE.NS,81.03,2026-01-02 22:52:20
LOYALTEX.NS,221.21,2026-01-02 22:52:22
LPDC.NS,7.19,2026-01-02 22:52:22
LT.NS,4163.4,2026-01-02 22:52:23
LTF.NS,319.75,2026-01-02 22:52:23
LTFOODS.NS,390.45,2026-01-02 22:52:23
LTIM.NS,6067.0,2026-01-02 22:52:23
LTTS.NS,4406.6,2026-01-02 22:52:24
LUMAXIND.NS,5341.5,2026-01-02 22:52:24
LUMAXTECH.NS,1655.4,2026-01-02 22:52:24
LUPIN.NS,2105.3,2026-01-02 22:52:24
LUXIND.NS,1110.9,2026-01-02 22:52:25
LXCHEM.NS,168.12,2026-01-02 22:52:25
LYKALABS.NS,82.39,2026-01-02 22:52:25
LYPSAGEMS.NS,5.44,2026-01-02 22:52:25
M&M.NS,3802.4,2026-01-02 22:52:25
M&MFIN.NS,402.95,2026-01-02 22:52:26
MAANALU.NS,159.83,2026-01-02 22:52:26
MACPOWER.NS,1019.4,2026-01-02 22:52:26
MADHAV.NS,42.94,2026-01-02 22:52:27
MADHUCON.NS,6.14,2026-01-02 22:52:27
MADRASFERT.NS,80.65,2026-01-02 22:52:27
MAGADSUGAR.NS,504.55,2026-01-02 22:52:27
MAGNUM.NS,23.0,2026-01-02 22:52:27
MAHABANK.NS,63.93,2026-01-02 22:52:28
MAHAPEXLTD.NS,104.41,2026-01-02 22:52:28
MAHASTEEL.NS,1011.6,2026-01-02 22:52:28
MAHEPC.NS,133.04,2026-01-02 22:52:28
MAHESHWARI.NS,47.55,2026-01-02 22:52:29
MAHLIFE.NS,395.1,2026-01-02 22:52:29
MAHLOG.NS,317.15,2026-01-02 22:52:29
MAHSCOOTER.NS,14237.0,2026-01-02 22:52:30
MAHSEAMLES.NS,559.1,2026-01-02 22:52:30
MAITHANALL.NS,1013.3,2026-01-02 22:52:30
MALLCOM.NS,1169.6,2026-01-02 22:52:30
MALUPAPER.NS,35.73,2026-01-02 22:52:31
MAMATA.NS,431.95,2026-01-02 22:52:31
MANAKALUCO.NS,30.13,2026-01-02 22:52:31
MANAKCOAT.NS,131.49,2026-01-02 22:52:31
MANAKSIA.NS,64.82,2026-01-02 22:52:32
MANAKSTEEL.NS,68.84,2026-01-02 22:52:32
MANALIPETC.NS,62.88,2026-01-02 22:52:32
MANAPPURAM.NS,311.15,2026-01-02 22:52:32
MANBA.NS,141.94,2026-01-02 22:52:33
MANCREDIT.NS,164.8,2026-01-02 22:52:33
MANGALAM.NS,30.32,2026-01-02 22:52:33
MANGLMCEM.NS,762.95,2026-01-02 22:52:33
MANINDS.NS,396.45,2026-01-02 22:52:34
MANINFRA.NS,129.57,2026-01-02 22:52:34
MANKIND.NS,2202.7,2026-01-02 22:52:34
MANOMAY.NS,205.73,2026-01-02 22:52:34
MANORAMA.NS,1390.8,2026-01-02 22:52:37
MANORG.NS,480.45,2026-01-02 22:52:37
MANUGRAPH.NS,16.29,2026-01-02 22:52:37
MANYAVAR.NS,579.65,2026-01-02 22:52:37
MAPMYINDIA.NS,1701.8,2026-01-02 22:52:38
MARALOVER.NS,43.94,2026-01-02 22:52:38
MARATHON.NS,529.15,2026-01-02 22:52:38
MARICO.NS,757.75,2026-01-02 22:52:39
MARINE.NS,213.63,2026-01-02 22:52:39
MARKOLINES.NS,157.73,2026-01-02 22:52:39
MARKSANS.NS,182.19,2026-01-02 22:52:39
MARUTI.NS,16960.0,2026-01-02 22:52:40
MASFIN.NS,325.3,2026-01-02 22:52:40
MASKINVEST.NS,151.0,2026-01-02 22:52:40
MASTEK.NS,2116.2,2026-01-02 22:52:40
MASTERTR.NS,118.26,2026-01-02 22:52:41
MATRIMONY.NS,550.35,2026-01-02 22:52:41
MAWANASUG.NS,87.44,2026-01-02 22:52:41
MAXESTATES.NS,451.9,2026-01-02 22:52:41
MAXHEALTH.NS,1062.6,2026-01-02 22:52:42
MAXIND.NS,187.84,2026-01-02 22:52:42
MAYURUNIQ.NS,514.2,2026-01-02 22:52:42
MAZDA.NS,223.21,2026-01-02 22:52:42
MAZDOCK.NS,2494.5,2026-01-02 22:52:43
MBAPL.NS,429.8,2026-01-02 22:52:43
MBEL.NS,384.2,2026-01-02 22:52:43
MBLINFRA.NS,32.25,2026-01-02 22:52:43
MCL.NS,78.91,2026-01-02 22:52:44
MCLEODRUSS.NS,47.96,2026-01-02 22:52:44
MCLOUD.NS,25.91,2026-01-02 22:52:44
MCX.NS,2216.0,2026-01-02 22:52:44
MEDANTA.NS,1217.1,2026-01-02 22:52:45
MEDIASSIST.NS,467.7,2026-01-02 22:52:45
MEDICAMEQ.NS,379.3,2026-01-02 22:52:45
MEDICO.NS,50.37,2026-01-02 22:52:45
MEDPLUS.NS,808.25,2026-01-02 22:52:45
MEESHO.NS,179.25,2026-01-02 22:52:46
MEGASOFT.NS,207.23,2026-01-02 22:52:46
MEGASTAR.NS,233.31,2026-01-02 22:52:46
MEIL.NS,375.75,2026-01-02 22:52:46
MENONBE.NS,111.97,2026-01-02 22:52:47
MEP.NS,1.84,2026-01-02 22:52:47
METROBRAND.NS,1180.1,2026-01-02 22:52:47
METROPOLIS.NS,1933.3,2026-01-02 22:52:48
MFML.NS,24.7,2026-01-02 22:52:48
MFSL.NS,1671.0,2026-01-02 22:52:48
MGEL.NS,14.14,2026-01-02 22:52:48
MGL.NS,1142.0,2026-01-02 22:52:49
MHLXMIRU.NS,206.32,2026-01-02 22:52:49
MHRIL.NS,308.05,2026-01-02 22:52:49
MICEL.NS,44.82,2026-01-02 22:52:51
MIDHANI.NS,355.15,2026-01-02 22:52:51
MIDWESTLTD.NS,1711.6,2026-01-02 22:52:52
MINDACORP.NS,602.5,2026-01-02 22:52:52
MINDTECK.NS,220.31,2026-01-02 22:52:52
MIRCELECTR.NS,28.83,2026-01-02 22:52:52
MIRZAINT.NS,37.08,2026-01-02 22:52:53
MITCON.NS,66.88,2026-01-02 22:52:53
MITTAL.NS,1.13,2026-01-02 22:52:53
MKPL.NS,5.96,2026-01-02 22:52:53
MMFL.NS,394.45,2026-01-02 22:52:54
MMP.NS,271.95,2026-01-02 22:52:54
MMTC.NS,67.3,2026-01-02 22:52:54
MOBIKWIK.NS,228.6,2026-01-02 22:52:54
MODINATUR.NS,356.65,2026-01-02 22:52:55
MODIRUBBER.NS,141.14,2026-01-02 22:52:55
MODIS.NS,339.05,2026-01-02 22:52:55
MODISONLTD.NS,160.41,2026-01-02 22:52:55
MODTHREAD.NS,44.01,2026-01-02 22:52:56
MOHITIND.NS,29.04,2026-01-02 22:52:56
MOIL.NS,375.2,2026-01-02 22:52:56
MOKSH.NS,14.51,2026-01-02 22:52:56
MOL.NS,64.73,2026-01-02 22:52:57
MOLDTECH.NS,151.18,2026-01-02 22:52:57
MOLDTKPAC.NS,615.25,2026-01-02 22:52:57
MONARCH.NS,313.05,2026-01-02 22:52:57
MONEYBOXX.NS,61.81,2026-01-02 22:52:58
MONTECARLO.NS,643.15,2026-01-02 22:52:58
MOREPENLAB.NS,42.03,2026-01-02 22:52:58
MOSCHIP.NS,211.05,2026-01-02 22:52:58
MOTHERSON.NS,122.04,2026-01-02 22:52:59
MOTILALOFS.NS,866.7,2026-01-02 22:52:59
MOTISONS.NS,14.59,2026-01-02 22:52:59
MOTOGENFIN.NS,23.18,2026-01-02 22:52:59
MPHASIS.NS,2807.2,2026-01-02 22:53:00
MPSLTD.NS,1985.9,2026-01-02 22:53:00
MRF.NS,150685.0,2026-01-02 22:53:00
MRPL.NS,151.31,2026-01-02 22:53:01
MSPL.NS,37.03,2026-01-02 22:53:01
MSTCLTD.NS,528.3,2026-01-02 22:53:01
MSUMI.NS,49.85,2026-01-02 22:53:01
MTARTECH.NS,2372.2,2026-01-02 22:53:01
MTEDUCARE.NS,1.72,2026-01-02 22:53:02
MTNL.NS,36.77,2026-01-02 22:53:02
MUFIN.NS,118.79,2026-01-02 22:53:02
MUFTI.NS,100.19,2026-01-02 22:53:02
MUKANDLTD.NS,138.81,2026-01-02 22:53:03
MUKKA.NS,24.05,2026-01-02 22:53:03
MUKTAARTS.NS,63.08,2026-01-02 22:53:03
MUNJALAU.NS,83.42,2026-01-02 22:53:03
MUNJALSHOW.NS,125.4,2026-01-02 22:53:06
MURUDCERA.NS,35.13,2026-01-02 22:53:06
MUTHOOTCAP.NS,278.8,2026-01-02 22:53:06
MUTHOOTFIN.NS,3820.8,2026-01-02 22:53:06
MUTHOOTMF.NS,176.37,2026-01-02 22:53:07
MVGJL.NS,183.45,2026-01-02 22:53:07
MWL.NS,272.55,2026-01-02 22:53:07
NACLIND.NS,167.94,2026-01-02 22:53:07
NAGAFERT.NS,5.37,2026-01-02 22:53:08
NAGREEKCAP.NS,27.48,2026-01-02 22:53:08
NAGREEKEXP.NS,25.65,2026-01-02 22:53:08
NAHARCAP.NS,259.1,2026-01-02 22:53:09
NAHARINDUS.NS,110.66,2026-01-02 22:53:09
NAHARPOLY.NS,238.31,2026-01-02 22:53:09
NAHARSPING.NS,194.57,2026-01-02 22:53:09
NAM-INDIA.NS,892.3,2026-01-02 22:53:10
NARMADA.NS,22.5,2026-01-02 22:53:10
NATCAPSUQ.NS,197.67,2026-01-02 22:53:10
NATCOPHARM.NS,893.05,2026-01-02 22:53:10
NATHBIOGEN.NS,161.14,2026-01-02 22:53:11
NATIONALUM.NS,330.3,2026-01-02 22:53:11
NAUKRI.NS,1367.7,2026-01-02 22:53:11
NAVA.NS,573.45,2026-01-02 22:53:11
NAVINFLUOR.NS,5903.0,2026-01-02 22:53:12
NAVKARCORP.NS,101.32,2026-01-02 22:53:12
NAVKARURB.NS,1.73,2026-01-02 22:53:12
NAVNETEDUL.NS,147.64,2026-01-02 22:53:13
NAZARA.NS,285.15,2026-01-02 22:53:13
NBCC.NS,122.67,2026-01-02 22:53:13
NBIFIN.NS,2232.9,2026-01-02 22:53:13
NCC.NS,161.49,2026-01-02 22:53:14
NCLIND.NS,207.5,2026-01-02 22:53:14
NDGL.NS,2804.0,2026-01-02 22:53:14
NDL.NS,2.96,2026-01-02 22:53:14
NDLVENTURE.NS,89.89,2026-01-02 22:53:15
NDRAUTO.NS,821.85,2026-01-02 22:53:15
NDTV.NS,100.28,2026-01-02 22:53:15
NECCLTD.NS,18.63,2026-01-02 22:53:15
NECLIFE.NS,20.12,2026-01-02 22:53:16
NELCAST.NS,105.66,2026-01-02 22:53:16
NELCO.NS,729.6,2026-01-02 22:53:16
NEOGEN.NS,1154.3,2026-01-02 22:53:17
NEPHROPLUS.NS,474.4,2026-01-02 22:53:17
NESCO.NS,1245.9,2026-01-02 22:53:17
NESTLEIND.NS,1279.7,2026-01-02 22:53:17
NETWEB.NS,3024.1,2026-01-02 22:53:18
NETWORK18.NS,43.78,2026-01-02 22:53:18
NEULANDLAB.NS,15276.0,2026-01-02 22:53:18
NEWGEN.NS,840.15,2026-01-02 22:53:19
NEXTMEDIA.NS,6.1,2026-01-02 22:53:19
NFL.NS,91.66,2026-01-02 22:53:21
NGIL.NS,29.96,2026-01-02 22:53:21
NGLFINE.NS,1408.1,2026-01-02 22:53:22
NH.NS,1921.1,2026-01-02 22:53:22
NHPC.NS,83.62,2026-01-02 22:53:22
NIACL.NS,157.04,2026-01-02 22:53:22
NIBE.NS,1236.8,2026-01-02 22:53:23
NIBL.NS,36.38,2026-01-02 22:53:23
NIITLTD.NS,92.65,2026-01-02 22:53:23
NIITMTS.NS,414.15,2026-01-02 22:53:23
NILAINFRA.NS,9.64,2026-01-02 22:53:24
NILASPACES.NS,16.1,2026-01-02 22:53:24
NILKAMAL.NS,1406.4,2026-01-02 22:53:24
NINSYS.NS,398.5,2026-01-02 22:53:24
NIPPOBATRY.NS,413.65,2026-01-02 22:53:25
NIRAJ.NS,39.24,2026-01-02 22:53:25
NIRAJISPAT.NS,201.46,2026-01-02 22:53:25
NITCO.NS,99.14,2026-01-02 22:53:25
NITINSPIN.NS,320.15,2026-01-02 22:53:26
NITIRAJ.NS,186.6,2026-01-02 22:53:26
NIVABUPA.NS,75.16,2026-01-02 22:53:26
NKIND.NS,69.22,2026-01-02 22:53:27
NLCINDIA.NS,272.0,2026-01-02 22:53:27
NMDC.NS,84.53,2026-01-02 22:53:27
NOCIL.NS,151.99,2026-01-02 22:53:27
NOIDATOLL.NS,4.11,2026-01-02 22:53:28
NORBTEAEXP.NS,99.35,2026-01-02 22:53:28
NORTHARC.NS,259.45,2026-01-02 22:53:28
NOVAAGRI.NS,39.8,2026-01-02 22:53:28
NPST.NS,1410.0,2026-01-02 22:53:29
NRAIL.NS,475.4,2026-01-02 22:53:29
NRBBEARING.NS,269.05,2026-01-02 22:53:29
NRL.NS,56.8,2026-01-02 22:53:29
NSIL.NS,6543.5,2026-01-02 22:53:30
NSLNISP.NS,45.69,2026-01-02 22:53:30
NTPC.NS,352.1,2026-01-02 22:53:30
NTPCGREEN.NS,97.11,2026-01-02 22:53:30
NUCLEUS.NS,920.45,2026-01-02 22:53:31
NURECA.NS,302.7,2026-01-02 22:53:31
NUVAMA.NS,1468.2,2026-01-02 22:53:31
NUVOCO.NS,356.55,2026-01-02 22:53:31
NYKAA.NS,264.9,2026-01-02 22:53:32
OAL.NS,289.95,2026-01-02 22:53:32
OBCL.NS,55.1,2026-01-02 22:53:32
OBEROIRLTY.NS,1730.0,2026-01-02 22:53:32
OCCLLTD.NS,102.0,2026-01-02 22:53:33
ODIGMA.NS,32.05,2026-01-02 22:53:33
OFSS.NS,7731.5,2026-01-02 22:53:33
OIL.NS,428.85,2026-01-02 22:53:33
OILCOUNTUB.NS,61.96,2026-01-02 22:53:34
OLAELEC.NS,40.89,2026-01-02 22:53:36
OLECTRA.NS,1248.0,2026-01-02 22:53:36
OMAXAUTO.NS,107.79,2026-01-02 22:53:37
OMAXE.NS,79.99,2026-01-02 22:53:37
OMFREIGHT.NS,94.63,2026-01-02 22:53:37
OMINFRAL.NS,98.14,2026-01-02 22:53:37
OMKARCHEM.NS,6.07,2026-01-02 22:53:38
ONELIFECAP.NS,15.99,2026-01-02 22:53:38
ONEPOINT.NS,54.09,2026-01-02 22:53:38
ONESOURCE.NS,1799.5,2026-01-02 22:53:38
ONGC.NS,241.46,2026-01-02 22:53:39
ONMOBILE.NS,59.36,2026-01-02 22:53:39
ONWARDTEC.NS,303.7,2026-01-02 22:53:39
OPTIEMUS.NS,507.05,2026-01-02 22:53:39
ORBTEXP.NS,195.19,2026-01-02 22:53:40
ORCHASP.NS,3.09,2026-01-02 22:53:40
ORCHPHARMA.NS,794.65,2026-01-02 22:53:40
ORICONENT.NS,60.0,2026-01-02 22:53:40
ORIENTALTL.NS,8.28,2026-01-02 22:53:41
ORIENTBELL.NS,303.35,2026-01-02 22:53:41
ORIENTCEM.NS,173.75,2026-01-02 22:53:41
ORIENTCER.NS,55.07,2026-01-02 22:53:41
ORIENTELEC.NS,176.89,2026-01-02 22:53:42
ORIENTHOT.NS,107.93,2026-01-02 22:53:42
ORIENTLTD.NS,77.0,2026-01-02 22:53:42
ORIENTPPR.NS,23.14,2026-01-02 22:53:42
ORIENTTECH.NS,447.6,2026-01-02 22:53:43
ORISSAMINE.NS,5162.0,2026-01-02 22:53:43
ORKLAINDIA.NS,635.4,2026-01-02 22:53:43
ORTINGLOBE.NS,14.15,2026-01-02 22:53:43
OSIAHYPER.NS,15.58,2026-01-02 22:53:44
OSWALAGRO.NS,58.87,2026-01-02 22:53:44
OSWALGREEN.NS,33.69,2026-01-02 22:53:44
OSWALPUMPS.NS,528.45,2026-01-02 22:53:44
OSWALSEEDS.NS,17.72,2026-01-02 22:53:45
PACEDIGITK.NS,188.95,2026-01-02 22:53:45
PAGEIND.NS,35775.0,2026-01-02 22:53:45
PAISALO.NS,36.3,2026-01-02 22:53:45
PAKKA.NS,108.95,2026-01-02 22:53:46
PALASHSECU.NS,107.23,2026-01-02 22:53:46
PALREDTEC.NS,47.15,2026-01-02 22:53:46
PANACEABIO.NS,379.85,2026-01-02 22:53:47
PANACHE.NS,325.45,2026-01-02 22:53:47
PANAMAPET.NS,311.55,2026-01-02 22:53:47
PANSARI.NS,300.1,2026-01-02 22:53:47
PAR.NS,101.3,2026-01-02 22:53:48
PARACABLES.NS,39.4,2026-01-02 22:53:48
PARADEEP.NS,164.56,2026-01-02 22:53:48
PARAGMILK.NS,304.55,2026-01-02 22:53:48
PARAS.NS,683.75,2026-01-02 22:53:49
PARASPETRO.NS,1.95,2026-01-02 22:53:51
PARKHOSPS.NS,149.73,2026-01-02 22:53:51
PARKHOTELS.NS,135.08,2026-01-02 22:53:51
PARSVNATH.NS,10.58,2026-01-02 22:53:51
PASHUPATI.NS,808.6,2026-01-02 22:53:52
PASUPTAC.NS,51.34,2026-01-02 22:53:52
PATANJALI.NS,557.0,2026-01-02 22:53:52
PATELENG.NS,28.82,2026-01-02 22:53:53
PATELRMART.NS,202.95,2026-01-02 22:53:53
PATINTLOG.NS,13.94,2026-01-02 22:53:53
PAUSHAKLTD.NS,590.05,2026-01-02 22:53:53
PAVNAIND.NS,22.75,2026-01-02 22:53:54
PAYTM.NS,1340.6,2026-01-02 22:53:54
PCBL.NS,300.35,2026-01-02 22:53:54
PCJEWELLER.NS,9.55,2026-01-02 22:53:54
PDMJEPAPER.NS,97.67,2026-01-02 22:53:55
PDSL.NS,368.8,2026-01-02 22:53:55
PEARLPOLY.NS,23.02,2026-01-02 22:53:55
PENIND.NS,202.77,2026-01-02 22:53:55
PENINLAND.NS,25.23,2026-01-02 22:53:56
PERSISTENT.NS,6289.5,2026-01-02 22:53:56
PETRONET.NS,291.05,2026-01-02 22:53:56
PFC.NS,375.95,2026-01-02 22:53:57
PFIZER.NS,4887.2,2026-01-02 22:53:57
PFOCUS.NS,232.98,2026-01-02 22:53:57
PFS.NS,34.28,2026-01-02 22:53:57
PGEL.NS,602.7,2026-01-02 22:53:58
PGHH.NS,12854.0,2026-01-02 22:53:58
PGHL.NS,5701.5,2026-01-02 22:53:58
PGIL.NS,1653.7,2026-01-02 22:53:58
PHOENIXLTD.NS,1903.4,2026-01-02 22:53:59
PICCADIL.NS,613.75,2026-01-02 22:53:59
PIDILITIND.NS,1478.2,2026-01-02 22:53:59
PIGL.NS,125.3,2026-01-02 22:53:59
PIIND.NS,3256.6,2026-01-02 22:54:00
PILANIINVS.NS,5170.0,2026-01-02 22:54:00
PILITA.NS,9.6,2026-01-02 22:54:00
PINELABS.NS,235.39,2026-01-02 22:54:00
PIONEEREMB.NS,28.37,2026-01-02 22:54:01
PIRAMALFIN.NS,1712.5,2026-01-02 22:54:01
PITTIENG.NS,827.2,2026-01-02 22:54:01
PIXTRANS.NS,1404.3,2026-01-02 22:54:02
PKTEA.NS,850.35,2026-01-02 22:54:02
PLASTIBLEN.NS,166.03,2026-01-02 22:54:02
PLATIND.NS,245.65,2026-01-02 22:54:02
PLAZACABLE.NS,42.07,2026-01-02 22:54:03
PNB.NS,125.35,2026-01-02 22:54:03
PNBGILTS.NS,83.38,2026-01-02 22:54:03
PNBHOUSING.NS,998.0,2026-01-02 22:54:04
PNC.NS,26.85,2026-01-02 22:54:04
PNCINFRA.NS,255.15,2026-01-02 22:54:06
PNGJL.NS,612.75,2026-01-02 22:54:06
POCL.NS,1539.1,2026-01-02 22:54:07
PODDARMENT.NS,264.6,2026-01-02 22:54:07
POKARNA.NS,845.9,2026-01-02 22:54:07
POLICYBZR.NS,1781.8,2026-01-02 22:54:07
POLYCAB.NS,7798.0,2026-01-02 22:54:08
POLYMED.NS,1769.7,2026-01-02 22:54:08
POLYPLEX.NS,844.6,2026-01-02 22:54:08
PONNIERODE.NS,263.95,2026-01-02 22:54:09
POONAWALLA.NS,480.55,2026-01-02 22:54:09
POWERGRID.NS,270.95,2026-01-02 22:54:09
POWERINDIA.NS,18803.0,2026-01-02 22:54:09
POWERMECH.NS,2329.0,2026-01-02 22:54:10
PPAP.NS,217.07,2026-01-02 22:54:10
PPL.NS,240.56,2026-01-02 22:54:10
PPLPHARMA.NS,178.48,2026-01-02 22:54:10
PRABHA.NS,183.59,2026-01-02 22:54:11
PRAENG.NS,26.6,2026-01-02 22:54:11
PRAJIND.NS,325.45,2026-01-02 22:54:11
PRAKASH.NS,147.51,2026-01-02 22:54:11
PRAKASHSTL.NS,5.67,2026-01-02 22:54:12
PRAXIS.NS,9.28,2026-01-02 22:54:12
PRECAM.NS,169.97,2026-01-02 22:54:12
PRECOT.NS,385.35,2026-01-02 22:54:12
PRECWIRE.NS,247.48,2026-01-02 22:54:13
PREMEXPLN.NS,542.2,2026-01-02 22:54:13
PREMIER.NS,3.0,2026-01-02 22:54:13
PREMIERENE.NS,845.9,2026-01-02 22:54:14
PREMIERPOL.NS,41.91,2026-01-02 22:54:14
PRESTIGE.NS,1618.8,2026-01-02 22:54:14
PRICOLLTD.NS,683.05,2026-01-02 22:54:14
PRIMESECU.NS,275.35,2026-01-02 22:54:15
PRIMO.NS,23.93,2026-01-02 22:54:15
PRINCEPIPE.NS,262.7,2026-01-02 22:54:15
PRITI.NS,60.26,2026-01-02 22:54:15
PRITIKAUTO.NS,14.15,2026-01-02 22:54:16
PRIVISCL.NS,2780.9,2026-01-02 22:54:16
PROSTARM.NS,179.86,2026-01-02 22:54:16
PROTEAN.NS,768.9,2026-01-02 22:54:16
PROZONER.NS,58.12,2026-01-02 22:54:17
PRSMJOHNSN.NS,139.16,2026-01-02 22:54:17
PRUDENT.NS,2594.0,2026-01-02 22:54:17
PRUDMOULI.NS,20.03,2026-01-02 22:54:17
PSB.NS,29.39,2026-01-02 22:54:18
PSPPROJECT.NS,893.4,2026-01-02 22:54:18
PTC.NS,167.39,2026-01-02 22:54:18
PTCIL.NS,18103.0,2026-01-02 22:54:18
PTL.NS,39.31,2026-01-02 22:54:19
PUNJABCHEM.NS,1177.7,2026-01-02 22:54:19
PURVA.NS,240.22,2026-01-02 22:54:21
PVP.NS,36.92,2026-01-02 22:54:21
PVRINOX.NS,1030.2,2026-01-02 22:54:22
PVSL.NS,118.26,2026-01-02 22:54:22
PWL.NS,131.12,2026-01-02 22:54:22
PYRAMID.NS,165.01,2026-01-02 22:54:22
QPOWER.NS,831.05,2026-01-02 22:54:23
QUADFUTURE.NS,336.95,2026-01-02 22:54:23
QUESS.NS,215.04,2026-01-02 22:54:23
QUICKHEAL.NS,269.4,2026-01-02 22:54:24
RACE.NS,140.33,2026-01-02 22:54:24
RACLGEAR.NS,1152.1,2026-01-02 22:54:24
RADAAN.NS,3.44,2026-01-02 22:54:24
RADHIKAJWE.NS,74.89,2026-01-02 22:54:24
RADIANTCMS.NS,51.42,2026-01-02 22:54:25
RADICO.NS,3094.2,2026-01-02 22:54:25
RADIOCITY.NS,6.79,2026-01-02 22:54:25
RAILTEL.NS,376.15,2026-01-02 22:54:26
RAIN.NS,146.42,2026-01-02 22:54:26
RAINBOW.NS,1318.9,2026-01-02 22:54:26
RAJESHEXPO.NS,180.99,2026-01-02 22:54:26
RAJMET.NS,4.78,2026-01-02 22:54:27
RAJOOENG.NS,64.42,2026-01-02 22:54:27
RAJRATAN.NS,463.9,2026-01-02 22:54:27
RAJRILTD.NS,22.01,2026-01-02 22:54:27
RAJSREESUG.NS,34.63,2026-01-02 22:54:28
RAJTV.NS,42.25,2026-01-02 22:54:28
RALLIS.NS,273.9,2026-01-02 22:54:28
RAMANEWS.NS,31.81,2026-01-02 22:54:28
RAMAPHO.NS,170.79,2026-01-02 22:54:29
RAMASTEEL.NS,9.47,2026-01-02 22:54:29
RAMCOCEM.NS,1056.7,2026-01-02 22:54:29
RAMCOIND.NS,314.45,2026-01-02 22:54:30
RAMCOSYS.NS,573.55,2026-01-02 22:54:30
RAMKY.NS,554.75,2026-01-02 22:54:30
RAMRAT.NS,311.35,2026-01-02 22:54:30
RANASUG.NS,12.49,2026-01-02 22:54:31
RANEHOLDIN.NS,1399.4,2026-01-02 22:54:31
RATEGAIN.NS,693.85,2026-01-02 22:54:31
RATNAMANI.NS,2354.0,2026-01-02 22:54:32
RATNAVEER.NS,155.92,2026-01-02 22:54:32
RAYMOND.NS,436.5,2026-01-02 22:54:32
RAYMONDLSL.NS,1036.4,2026-01-02 22:54:32
RAYMONDREL.NS,529.95,2026-01-02 22:54:33
RBA.NS,65.04,2026-01-02 22:54:33
RBLBANK.NS,320.75,2026-01-02 22:54:33
RBZJEWEL.NS,142.49,2026-01-02 22:54:33
RCF.NS,149.19,2026-01-02 22:54:34
RCOM.NS,1.11,2026-01-02 22:54:34
RECLTD.NS,380.65,2026-01-02 22:54:34
REDINGTON.NS,276.3,2026-01-02 22:54:37
REDTAPE.NS,124.22,2026-01-02 22:54:37
REFEX.NS,262.3,2026-01-02 22:54:37
REGAAL.NS,70.41,2026-01-02 22:54:37
REGENCERAM.NS,47.08,2026-01-02 22:54:38
RELAXO.NS,403.3,2026-01-02 22:54:38
RELCHEMQ.NS,137.75,2026-01-02 22:54:38
RELIABLE.NS,157.92,2026-01-02 22:54:38
RELIANCE.NS,1592.3,2026-01-02 22:54:39
RELIGARE.NS,249.06,2026-01-02 22:54:39
RELTD.NS,156.51,2026-01-02 22:54:39
REMSONSIND.NS,126.32,2026-01-02 22:54:39
RENUKA.NS,26.34,2026-01-02 22:54:40
REPCOHOME.NS,433.5,2026-01-02 22:54:40
REPL.NS,118.88,2026-01-02 22:54:40
REPRO.NS,463.65,2026-01-02 22:54:40
RESPONIND.NS,197.69,2026-01-02 22:54:41
RETAIL.NS,24.23,2026-01-02 22:54:41
RGL.NS,124.46,2026-01-02 22:54:41
RHETAN.NS,25.56,2026-01-02 22:54:42
RHFL.NS,2.89,2026-01-02 22:54:42
RHIM.NS,455.3,2026-01-02 22:54:42
RHL.NS,222.08,2026-01-02 22:54:42
RICOAUTO.NS,135.38,2026-01-02 22:54:43
RIIL.NS,817.3,2026-01-02 22:54:43
RISHABH.NS,434.2,2026-01-02 22:54:43
RITCO.NS,270.55,2026-01-02 22:54:43
RITES.NS,245.88,2026-01-02 22:54:44
RKDL.NS,24.24,2026-01-02 22:54:44
RKEC.NS,54.72,2026-01-02 22:54:44
RKFORGE.NS,531.4,2026-01-02 22:54:45
RKSWAMY.NS,111.06,2026-01-02 22:54:45
RMDRIP.NS,85.41,2026-01-02 22:54:45
RML.NS,844.2,2026-01-02 22:54:45
RNBDENIMS.NS,131.63,2026-01-02 22:54:46
ROHLTD.NS,414.15,2026-01-02 22:54:46
ROLEXRINGS.NS,134.23,2026-01-02 22:54:46
ROLLT.NS,1.27,2026-01-02 22:54:46
ROML.NS,50.91,2026-01-02 22:54:47
ROSSARI.NS,583.5,2026-01-02 22:54:47
ROSSELLIND.NS,50.34,2026-01-02 22:54:47
ROSSTECH.NS,629.85,2026-01-02 22:54:47
ROTO.NS,69.44,2026-01-02 22:54:48
ROUTE.NS,710.35,2026-01-02 22:54:48
RPEL.NS,953.05,2026-01-02 22:54:48
RPGLIFE.NS,2312.5,2026-01-02 22:54:48
RPOWER.NS,35.93,2026-01-02 22:54:49
RPPINFRA.NS,101.9,2026-01-02 22:54:49
RPPL.NS,19.1,2026-01-02 22:54:49
RPSGVENT.NS,754.45,2026-01-02 22:54:49
RPTECH.NS,360.8,2026-01-02 22:54:51
RRKABEL.NS,1510.5,2026-01-02 22:54:52
RSSOFTWARE.NS,50.96,2026-01-02 22:54:52
RSWM.NS,149.86,2026-01-02 22:54:52
RSYSTEMS.NS,406.7,2026-01-02 22:54:53
RTNINDIA.NS,42.3,2026-01-02 22:54:53
RTNPOWER.NS,9.76,2026-01-02 22:54:53
RUBFILA.NS,73.67,2026-01-02 22:54:53
RUBICON.NS,661.4,2026-01-02 22:54:53
RUBYMILLS.NS,223.04,2026-01-02 22:54:54
RUCHINFRA.NS,6.36,2026-01-02 22:54:54
RUCHIRA.NS,122.71,2026-01-02 22:54:54
RUDRA.NS,25.95,2026-01-02 22:54:54
RUPA.NS,161.68,2026-01-02 22:54:55
RUSHIL.NS,23.23,2026-01-02 22:54:55
RUSTOMJEE.NS,541.75,2026-01-02 22:54:55
RVHL.NS,50.96,2026-01-02 22:54:55
RVNL.NS,365.85,2026-01-02 22:54:56
RVTH.NS,734.2,2026-01-02 22:54:56
S&SPOWER.NS,301.85,2026-01-02 22:54:56
SAATVIKGL.NS,388.3,2026-01-02 22:54:56
SABEVENTS.NS,9.3,2026-01-02 22:54:57
SABTNL.NS,1728.3,2026-01-02 22:54:57
SADBHAV.NS,10.93,2026-01-02 22:54:57
SADBHIN.NS,3.91,2026-01-02 22:54:57
SADHNANIQ.NS,7.29,2026-01-02 22:54:57
SAFARI.NS,2168.5,2026-01-02 22:54:58
SAGARDEEP.NS,27.5,2026-01-02 22:54:58
SAGCEM.NS,218.15,2026-01-02 22:54:58
SAGILITY.NS,52.97,2026-01-02 22:54:58
SAHYADRI.NS,257.0,2026-01-02 22:54:59
SAIL.NS,147.47,2026-01-02 22:54:59
SAILIFE.NS,921.7,2026-01-02 22:54:59
SAKAR.NS,406.55,2026-01-02 22:54:59
SAKHTISUG.NS,19.39,2026-01-02 22:55:00
SAKSOFT.NS,198.34,2026-01-02 22:55:00
SAKUMA.NS,2.16,2026-01-02 22:55:00
SALASAR.NS,8.91,2026-01-02 22:55:00
SALONA.NS,258.35,2026-01-02 22:55:01
SALSTEEL.NS,44.0,2026-01-02 22:55:01
SALZERELEC.NS,692.9,2026-01-02 22:55:01
SAMBHAAV.NS,8.9,2026-01-02 22:55:01
SAMBHV.NS,97.53,2026-01-02 22:55:02
SAMHI.NS,185.42,2026-01-02 22:55:02
SAMMAANCAP.NS,148.61,2026-01-02 22:55:02
SAMPANN.NS,33.06,2026-01-02 22:55:03
SANATHAN.NS,442.0,2026-01-02 22:55:03
SANCO.NS,2.54,2026-01-02 22:55:03
SANDESH.NS,1090.2,2026-01-02 22:55:03
SANDHAR.NS,582.7,2026-01-02 22:55:04
SANDUMA.NS,264.71,2026-01-02 22:55:06
SANGAMIND.NS,480.2,2026-01-02 22:55:06
SANGHIIND.NS,66.58,2026-01-02 22:55:06
SANGHVIMOV.NS,349.95,2026-01-02 22:55:07
SANGINITA.NS,10.21,2026-01-02 22:55:07
SANOFI.NS,4141.8,2026-01-02 22:55:07
SANOFICONR.NS,4595.8,2026-01-02 22:55:07
SANSERA.NS,1871.0,2026-01-02 22:55:08
SANSTAR.NS,96.46,2026-01-02 22:55:08
SANWARIA.NS,0.26,2026-01-02 22:55:08
SAPPHIRE.NS,252.0,2026-01-02 22:55:09
SARDAEN.NS,523.0,2026-01-02 22:55:09
SAREGAMA.NS,357.95,2026-01-02 22:55:09
SARLAPOLY.NS,90.34,2026-01-02 22:55:09
SARVESHWAR.NS,4.73,2026-01-02 22:55:10
SASKEN.NS,1545.4,2026-01-02 22:55:10
SASTASUNDR.NS,315.75,2026-01-02 22:55:10
SATIA.NS,67.09,2026-01-02 22:55:10
SATIN.NS,144.64,2026-01-02 22:55:11
SAURASHCEM.NS,83.55,2026-01-02 22:55:11
SBC.NS,28.47,2026-01-02 22:55:11
SBCL.NS,433.5,2026-01-02 22:55:11
SBFC.NS,102.99,2026-01-02 22:55:11
SBGLP.NS,34.32,2026-01-02 22:55:12
SBICARD.NS,875.95,2026-01-02 22:55:12
SBILIFE.NS,2067.4,2026-01-02 22:55:12
SBIN.NS,998.95,2026-01-02 22:55:12
SCHAEFFLER.NS,3874.3,2026-01-02 22:55:13
SCHAND.NS,159.04,2026-01-02 22:55:13
SCHNEIDER.NS,717.3,2026-01-02 22:55:13
SCI.NS,235.08,2026-01-02 22:55:13
SCILAL.NS,48.22,2026-01-02 22:55:14
SCODATUBES.NS,163.73,2026-01-02 22:55:14
SCPL.NS,319.75,2026-01-02 22:55:14
SDBL.NS,109.35,2026-01-02 22:55:14
SEAMECLTD.NS,1088.1,2026-01-02 22:55:15
SECMARK.NS,123.43,2026-01-02 22:55:15
SECURKLOUD.NS,26.04,2026-01-02 22:55:15
SEJALLTD.NS,854.5,2026-01-02 22:55:15
SELMC.NS,29.51,2026-01-02 22:55:15
SEMAC.NS,298.0,2026-01-02 22:55:16
SENCO.NS,324.25,2026-01-02 22:55:16
SENORES.NS,865.3,2026-01-02 22:55:16
SEPC.NS,10.06,2026-01-02 22:55:16
SEQUENT.NS,210.49,2026-01-02 22:55:17
SERVOTECH.NS,79.98,2026-01-02 22:55:17
SESHAPAPER.NS,240.04,2026-01-02 22:55:17
SETCO.NS,15.73,2026-01-02 22:55:17
SETUINFRA.NS,0.45,2026-01-02 22:55:17
SEYAIND.NS,18.35,2026-01-02 22:55:18
SFL.NS,593.35,2026-01-02 22:55:20
SGFIN.NS,416.45,2026-01-02 22:55:20
SGIL.NS,517.8,2026-01-02 22:55:20
SGL.NS,12.9,2026-01-02 22:55:21
SGLTL.NS,149.83,2026-01-02 22:55:21
SGMART.NS,386.2,2026-01-02 22:55:21
SHAH.NS,5.01,2026-01-02 22:55:21
SHAHALLOYS.NS,71.68,2026-01-02 22:55:22
SHAILY.NS,2239.9,2026-01-02 22:55:22
SHAKTIPUMP.NS,742.5,2026-01-02 22:55:22
SHALBY.NS,202.89,2026-01-02 22:55:22
SHALPAINTS.NS,75.37,2026-01-02 22:55:23
SHANKARA.NS,106.35,2026-01-02 22:55:23
SHANTI.NS,8.86,2026-01-02 22:55:23
SHANTIGEAR.NS,468.95,2026-01-02 22:55:23
SHANTIGOLD.NS,190.48,2026-01-02 22:55:24
SHARDACROP.NS,855.2,2026-01-02 22:55:24
SHARDAMOTR.NS,965.05,2026-01-02 22:55:24
SHAREINDIA.NS,164.64,2026-01-02 22:55:25
SHEKHAWATI.NS,18.7,2026-01-02 22:55:25
SHEMAROO.NS,109.2,2026-01-02 22:55:25
SHILCTECH.NS,3837.5,2026-01-02 22:55:25
SHILPAMED.NS,319.8,2026-01-02 22:55:26
SHIVALIK.NS,361.7,2026-01-02 22:55:26
SHIVAMAUTO.NS,24.66,2026-01-02 22:55:26
SHIVAMILLS.NS,61.32,2026-01-02 22:55:26
SHIVATEX.NS,185.42,2026-01-02 22:55:27
SHIVAUM.NS,298.0,2026-01-02 22:55:27
SHK.NS,181.38,2026-01-02 22:55:27
SHOPERSTOP.NS,389.3,2026-01-02 22:55:27
SHRADHA.NS,37.34,2026-01-02 22:55:28
SHREDIGCEM.NS,91.02,2026-01-02 22:55:28
SHREECEM.NS,27045.0,2026-01-02 22:55:28
SHREEJISPG.NS,370.0,2026-01-02 22:55:28
SHREEPUSHK.NS,378.55,2026-01-02 22:55:29
SHREERAMA.NS,68.0,2026-01-02 22:55:29
SHRENIK.NS,0.44,2026-01-02 22:55:29
SHREYANIND.NS,173.8,2026-01-02 22:55:29
SHRINGARMS.NS,240.43,2026-01-02 22:55:30
SHRIPISTON.NS,3297.2,2026-01-02 22:55:30
SHRIRAMFIN.NS,1010.35,2026-01-02 22:55:30
SHRIRAMPPS.NS,84.19,2026-01-02 22:55:31
SHYAMCENT.NS,6.25,2026-01-02 22:55:31
SHYAMMETL.NS,850.3,2026-01-02 22:55:31
SHYAMTEL.NS,12.36,2026-01-02 22:55:31
SICALLOG.NS,89.4,2026-01-02 22:55:32
SIEMENS.NS,3097.7,2026-01-02 22:55:32
SIGACHI.NS,31.34,2026-01-02 22:55:32
SIGIND.NS,55.99,2026-01-02 22:55:32
SIGMA.NS,58.87,2026-01-02 22:55:33
SIGNATURE.NS,1127.0,2026-01-02 22:55:35
SIGNPOST.NS,223.7,2026-01-02 22:55:35
SIKKO.NS,5.11,2026-01-02 22:55:35
SIL.NS,16.15,2026-01-02 22:55:36
SILGO.NS,80.94,2026-01-02 22:55:36
SILINV.NS,518.05,2026-01-02 22:55:36
SILLYMONKS.NS,19.7,2026-01-02 22:55:36
SILVERTUC.NS,1248.5,2026-01-02 22:55:37
SIMBHALS.NS,11.59,2026-01-02 22:55:37
SIMPLEXINF.NS,251.48,2026-01-02 22:55:37
SINCLAIR.NS,82.94,2026-01-02 22:55:37
SINDHUTRAD.NS,20.11,2026-01-02 22:55:38
SINTERCOM.NS,99.87,2026-01-02 22:55:38
SIRCA.NS,503.65,2026-01-02 22:55:38
SIS.NS,339.3,2026-01-02 22:55:38
SITINET.NS,0.36,2026-01-02 22:55:39
SIYSIL.NS,637.95,2026-01-02 22:55:39
SJS.NS,1840.2,2026-01-02 22:55:39
SJVN.NS,83.04,2026-01-02 22:55:39
SKFINDIA.NS,1857.4,2026-01-02 22:55:40
SKFINDUS.NS,2588.2,2026-01-02 22:55:40
SKIPPER.NS,452.85,2026-01-02 22:55:40
SKMEGGPROD.NS,408.55,2026-01-02 22:55:40
SKYGOLD.NS,332.65,2026-01-02 22:55:41
SMARTLINK.NS,131.45,2026-01-02 22:55:41
SMARTWORKS.NS,507.8,2026-01-02 22:55:41
SMCGLOBAL.NS,92.06,2026-01-02 22:55:41
SMLMAH.NS,4086.0,2026-01-02 22:55:42
SMLT.NS,86.48,2026-01-02 22:55:42
SMSPHARMA.NS,326.25,2026-01-02 22:55:42
SNOWMAN.NS,40.98,2026-01-02 22:55:43
SOBHA.NS,1490.6,2026-01-02 22:55:43
SOFTTECH.NS,312.45,2026-01-02 22:55:43
SOLARA.NS,582.05,2026-01-02 22:55:43
SOLARINDS.NS,12336.0,2026-01-02 22:55:44
SOLARWORLD.NS,280.0,2026-01-02 22:55:44
SOLEX.NS,1323.6,2026-01-02 22:55:44
SOMANYCERA.NS,403.85,2026-01-02 22:55:44
SOMATEX.NS,138.21,2026-01-02 22:55:45
SOMICONVEY.NS,126.59,2026-01-02 22:55:45
SONACOMS.NS,486.35,2026-01-02 22:55:45
SONAMLTD.NS,41.99,2026-01-02 22:55:45
SONATSOFTW.NS,365.15,2026-01-02 22:55:46
SOTL.NS,382.05,2026-01-02 22:55:46
SOUTHBANK.NS,38.6,2026-01-02 22:55:46
SOUTHWEST.NS,194.91,2026-01-02 22:55:47
SPAL.NS,709.75,2026-01-02 22:55:47
SPANDANA.NS,266.2,2026-01-02 22:55:47
SPARC.NS,135.72,2026-01-02 22:55:47
SPCENET.NS,6.79,2026-01-02 22:55:48
SPECIALITY.NS,109.22,2026-01-02 22:55:50
SPECTRUM.NS,1218.8,2026-01-02 22:55:50
SPENCERS.NS,41.66,2026-01-02 22:55:50
SPIC.NS,84.02,2026-01-02 22:55:51
SPLIL.NS,34.19,2026-01-02 22:55:51
SPLPETRO.NS,646.9,2026-01-02 22:55:51
SPMLINFRA.NS,187.4,2026-01-02 22:55:52
SPORTKING.NS,87.06,2026-01-02 22:55:52
SRD.NS,67.29,2026-01-02 22:55:52
SREEL.NS,220.4,2026-01-02 22:55:52
SRF.NS,3059.5,2026-01-02 22:55:53
SRGHFL.NS,286.9,2026-01-02 22:55:53
SRHHYPOLTD.NS,517.6,2026-01-02 22:55:53
SRM.NS,533.4,2026-01-02 22:55:53
SRPL.NS,0.66,2026-01-02 22:55:54
SSDL.NS,78.16,2026-01-02 22:55:54
SSWL.NS,210.88,2026-01-02 22:55:54
STALLION.NS,257.69,2026-01-02 22:55:54
STANLEY.NS,191.95,2026-01-02 22:55:55
STAR.NS,900.75,2026-01-02 22:55:55
STARCEMENT.NS,222.51,2026-01-02 22:55:55
STARHEALTH.NS,459.75,2026-01-02 22:55:55
STARPAPER.NS,165.29,2026-01-02 22:55:56
STARTECK.NS,291.05,2026-01-02 22:55:56
STCINDIA.NS,128.15,2026-01-02 22:55:56
STEELCAS.NS,210.31,2026-01-02 22:55:57
STEELCITY.NS,92.15,2026-01-02 22:55:57
STEELXIND.NS,9.37,2026-01-02 22:55:57
STEL.NS,493.3,2026-01-02 22:55:57
STERTOOLS.NS,280.15,2026-01-02 22:55:58
STLNETWORK.NS,22.74,2026-01-02 22:55:58
STLTECH.NS,103.64,2026-01-02 22:55:58
STOVEKRAFT.NS,592.9,2026-01-02 22:55:58
STUDDS.NS,542.2,2026-01-02 22:55:59
STYL.NS,282.25,2026-01-02 22:55:59
STYLAMIND.NS,2207.8,2026-01-02 22:55:59
STYLEBAAZA.NS,285.7,2026-01-02 22:55:59
STYRENIX.NS,2035.5,2026-01-02 22:56:00
SUBEXLTD.NS,11.72,2026-01-02 22:56:00
SUBROS.NS,902.65,2026-01-02 22:56:00
SUDARSCHEM.NS,960.0,2026-01-02 22:56:00
SUDEEPPHRM.NS,596.8,2026-01-02 22:56:01
SUKHJITS.NS,185.16,2026-01-02 22:56:01
SULA.NS,218.19,2026-01-02 22:56:01
SUMEETINDS.NS,29.4,2026-01-02 22:56:01
SUMICHEM.NS,468.7,2026-01-02 22:56:02
SUMIT.NS,65.32,2026-01-02 22:56:02
SUMMITSEC.NS,1928.8,2026-01-02 22:56:02
SUNCLAY.NS,1255.8,2026-01-02 22:56:03
SUNDARAM.NS,1.8,2026-01-02 22:56:03
SUNDARMFIN.NS,5293.0,2026-01-02 22:56:05
SUNDRMBRAK.NS,693.65,2026-01-02 22:56:05
SUNDRMFAST.NS,941.8,2026-01-02 22:56:06
SUNDROP.NS,725.2,2026-01-02 22:56:06
SUNFLAG.NS,273.45,2026-01-02 22:56:06
SUNPHARMA.NS,1728.0,2026-01-02 22:56:07
SUNTECK.NS,431.45,2026-01-02 22:56:07
SUNTV.NS,582.85,2026-01-02 22:56:07
SUPERHOUSE.NS,146.62,2026-01-02 22:56:07
SUPERSPIN.NS,8.08,2026-01-02 22:56:08
SUPRAJIT.NS,473.6,2026-01-02 22:56:08
SUPREME.NS,71.8,2026-01-02 22:56:08
SUPREMEENG.NS,1.34,2026-01-02 22:56:08
SUPREMEIND.NS,3534.1,2026-01-02 22:56:09
SUPREMEINF.NS,86.35,2026-01-02 22:56:09
SUPRIYA.NS,750.55,2026-01-02 22:56:09
SURAJEST.NS,261.45,2026-01-02 22:56:10
SURAJLTD.NS,244.28,2026-01-02 22:56:10
SURAKSHA.NS,276.65,2026-01-02 22:56:10
SURANASOL.NS,27.87,2026-01-02 22:56:10
SURANAT&P.NS,19.76,2026-01-02 22:56:11
SURYALAXMI.NS,58.45,2026-01-02 22:56:11
SURYAROSNI.NS,278.3,2026-01-02 22:56:12
SURYODAY.NS,143.96,2026-01-02 22:56:12
SUTLEJTEX.NS,31.7,2026-01-02 22:56:12
SUVEN.NS,164.81,2026-01-02 22:56:12
SUVIDHAA.NS,3.68,2026-01-02 22:56:13
SUYOG.NS,617.05,2026-01-02 22:56:13
SUZLON.NS,54.28,2026-01-02 22:56:13
SVLL.NS,699.7,2026-01-02 22:56:13
SVPGLOB.NS,3.91,2026-01-02 22:56:14
SWANCORP.NS,462.85,2026-01-02 22:56:14
SWANDEF.NS,1530.4,2026-01-02 22:56:14
SWARAJENG.NS,3690.5,2026-01-02 22:56:14
SWELECTES.NS,617.55,2026-01-02 22:56:15
SWIGGY.NS,387.2,2026-01-02 22:56:15
SWSOLAR.NS,217.96,2026-01-02 22:56:15
SYMPHONY.NS,916.0,2026-01-02 22:56:16
SYNCOMF.NS,14.46,2026-01-02 22:56:16
SYNGENE.NS,658.4,2026-01-02 22:56:16
SYRMA.NS,741.9,2026-01-02 22:56:16
SYSTMTXC.NS,141.82,2026-01-02 22:56:17
TAINWALCHM.NS,193.33,2026-01-02 22:56:17
TAJGVK.NS,420.65,2026-01-02 22:56:17
TAKE.NS,40.51,2026-01-02 22:56:17
TALBROAUTO.NS,276.3,2026-01-02 22:56:18
TANLA.NS,530.5,2026-01-02 22:56:18
TARACHAND.NS,79.61,2026-01-02 22:56:18
TARAPUR.NS,29.74,2026-01-02 22:56:18
TARC.NS,176.29,2026-01-02 22:56:19
TARIL.NS,336.4,2026-01-02 22:56:21
TARMAT.NS,51.07,2026-01-02 22:56:21
TARSONS.NS,235.25,2026-01-02 22:56:21
TASTYBITE.NS,7894.0,2026-01-02 22:56:22
TATACAP.NS,359.1,2026-01-02 22:56:22
TATACHEM.NS,755.25,2026-01-02 22:56:22
TATACOMM.NS,1790.1,2026-01-02 22:56:22
TATACONSUM.NS,1170.7,2026-01-02 22:56:23
TATAELXSI.NS,5337.5,2026-01-02 22:56:23
TATAINVEST.NS,703.75,2026-01-02 22:56:23
TATAPOWER.NS,393.1,2026-01-02 22:56:24
TATASTEEL.NS,182.88,2026-01-02 22:56:24
TATATECH.NS,655.95,2026-01-02 22:56:24
TATVA.NS,1388.8,2026-01-02 22:56:25
TBOTEK.NS,1638.2,2026-01-02 22:56:25
TBZ.NS,167.28,2026-01-02 22:56:25
TCI.NS,1082.0,2026-01-02 22:56:25
TCIEXP.NS,590.85,2026-01-02 22:56:26
TCIFINANCE.NS,30.15,2026-01-02 22:56:26
TCPLPACK.NS,3006.0,2026-01-02 22:56:26
TCS.NS,3250.7,2026-01-02 22:56:27
TDPOWERSYS.NS,684.75,2026-01-02 22:56:27
TEAMGTY.NS,293.65,2026-01-02 22:56:27
TEAMLEASE.NS,1575.0,2026-01-02 22:56:27
TECHM.NS,1612.0,2026-01-02 22:56:28
TECHNOE.NS,1111.3,2026-01-02 22:56:28
TECILCHEM.NS,18.73,2026-01-02 22:56:28
TEGA.NS,1950.2,2026-01-02 22:56:28
TEJASNET.NS,453.25,2026-01-02 22:56:29
TEMBO.NS,607.75,2026-01-02 22:56:29
TENNIND.NS,543.95,2026-01-02 22:56:29
TERASOFT.NS,418.85,2026-01-02 22:56:29
TEXINFRA.NS,99.77,2026-01-02 22:56:30
TEXMOPIPES.NS,49.15,2026-01-02 22:56:30
TEXRAIL.NS,138.18,2026-01-02 22:56:30
TFCILTD.NS,55.24,2026-01-02 22:56:30
TFL.NS,16.1,2026-01-02 22:56:31
TGBHOTELS.NS,9.59,2026-01-02 22:56:31
THANGAMAYL.NS,3229.5,2026-01-02 22:56:31
THEINVEST.NS,116.96,2026-01-02 22:56:31
THEJO.NS,1703.0,2026-01-02 22:56:32
THELEELA.NS,445.15,2026-01-02 22:56:32
THEMISMED.NS,102.53,2026-01-02 22:56:32
THERMAX.NS,3025.9,2026-01-02 22:56:33
THOMASCOOK.NS,144.98,2026-01-02 22:56:33
THOMASCOTT.NS,358.7,2026-01-02 22:56:33
THYROCARE.NS,459.2,2026-01-02 22:56:33
TI.NS,459.0,2026-01-02 22:56:34
TICL.NS,24.29,2026-01-02 22:56:34
TIGERLOGS.NS,36.53,2026-01-02 22:56:34
TIIL.NS,2282.4,2026-01-02 22:56:37
TIINDIA.NS,2597.7,2026-01-02 22:56:37
TIJARIA.NS,4.33,2026-01-02 22:56:37
TIL.NS,272.4,2026-01-02 22:56:37
TIMETECHNO.NS,196.48,2026-01-02 22:56:38
TIMKEN.NS,3052.6,2026-01-02 22:56:38
TINNARUBR.NS,784.0,2026-01-02 22:56:38
TIPSFILMS.NS,431.35,2026-01-02 22:56:38
TIPSMUSIC.NS,551.65,2026-01-02 22:56:39
TIRUMALCHM.NS,235.37,2026-01-02 22:56:39
TIRUPATIFL.NS,36.27,2026-01-02 22:56:39
TITAGARH.NS,890.35,2026-01-02 22:56:39
TITAN.NS,4051.7,2026-01-02 22:56:40
TMB.NS,527.8,2026-01-02 22:56:40
TMCV.NS,442.25,2026-01-02 22:56:40
TMPV.NS,370.35,2026-01-02 22:56:41
TNPETRO.NS,105.72,2026-01-02 22:56:41
TNPL.NS,146.13,2026-01-02 22:56:41
TNTELE.NS,10.08,2026-01-02 22:56:41
TOKYOPLAST.NS,111.97,2026-01-02 22:56:42
TOLINS.NS,139.11,2026-01-02 22:56:42
TORNTPHARM.NS,3885.3,2026-01-02 22:56:42
TORNTPOWER.NS,1399.4,2026-01-02 22:56:42
TOTAL.NS,76.74,2026-01-02 22:56:43
TOUCHWOOD.NS,105.74,2026-01-02 22:56:43
TPHQ.NS,0.64,2026-01-02 22:56:43
TPLPLASTEH.NS,66.0,2026-01-02 22:56:43
TRACXN.NS,40.53,2026-01-02 22:56:44
TRANSRAILL.NS,572.2,2026-01-02 22:56:44
TRANSWORLD.NS,199.15,2026-01-02 22:56:44
TRAVELFOOD.NS,1179.6,2026-01-02 22:56:44
TREEHOUSE.NS,8.15,2026-01-02 22:56:45
TREJHARA.NS,232.86,2026-01-02 22:56:45
TREL.NS,28.39,2026-01-02 22:56:45
TRENT.NS,4409.6,2026-01-02 22:56:45
TRF.NS,305.55,2026-01-02 22:56:46
TRIDENT.NS,27.03,2026-01-02 22:56:46
TRIGYN.NS,67.23,2026-01-02 22:56:46
TRITURBINE.NS,540.8,2026-01-02 22:56:46
TRIVENI.NS,381.2,2026-01-02 22:56:47
TRU.NS,8.38,2026-01-02 22:56:47
TRUALT.NS,411.15,2026-01-02 22:56:47
TSFINV.NS,458.9,2026-01-02 22:56:47
TTKHLTCARE.NS,1028.5,2026-01-02 22:56:48
TTKPRESTIG.NS,614.2,2026-01-02 22:56:48
TTL.NS,8.42,2026-01-02 22:56:48
TTML.NS,49.79,2026-01-02 22:56:49
TVSELECT.NS,445.75,2026-01-02 22:56:49
TVSHLTD.NS,14626.0,2026-01-02 22:56:49
TVSMOTOR.NS,3847.8,2026-01-02 22:56:49
TVSSCS.NS,114.27,2026-01-02 22:56:52
TVSSRICHAK.NS,4343.9,2026-01-02 22:56:52
TVTODAY.NS,140.58,2026-01-02 22:56:52
TVVISION.NS,7.86,2026-01-02 22:56:53
UBL.NS,1596.4,2026-01-02 22:56:53
UCAL.NS,110.84,2026-01-02 22:56:53
UCOBANK.NS,30.51,2026-01-02 22:56:53
UDS.NS,191.27,2026-01-02 22:56:54
UFBL.NS,216.11,2026-01-02 22:56:54
UFLEX.NS,498.6,2026-01-02 22:56:54
UFO.NS,81.77,2026-01-02 22:56:54
UGARSUGAR.NS,41.72,2026-01-02 22:56:55
UGROCAP.NS,176.58,2026-01-02 22:56:55
UJJIVANSFB.NS,55.71,2026-01-02 22:56:55
ULTRACEMCO.NS,11899.0,2026-01-02 22:56:55
UMAEXPORTS.NS,39.62,2026-01-02 22:56:56
UMESLTD.NS,4.98,2026-01-02 22:56:56
UMIYA-MRO.NS,87.62,2026-01-02 22:56:56
UNICHEMLAB.NS,441.8,2026-01-02 22:56:56
UNIDT.NS,201.41,2026-01-02 22:56:57
UNIECOM.NS,121.05,2026-01-02 22:56:57
UNIENTER.NS,145.57,2026-01-02 22:56:57
UNIINFO.NS,16.24,2026-01-02 22:56:58
UNIMECH.NS,911.05,2026-01-02 22:56:58
UNIONBANK.NS,156.7,2026-01-02 22:56:58
UNIPARTS.NS,497.05,2026-01-02 22:56:58
UNITDSPR.NS,1381.6,2026-01-02 22:56:59
UNITECH.NS,5.95,2026-01-02 22:56:59
UNITEDPOLY.NS,27.88,2026-01-02 22:56:59
UNITEDTEA.NS,458.1,2026-01-02 22:56:59
UNIVASTU.NS,69.1,2026-01-02 22:57:00
UNIVCABLES.NS,956.9,2026-01-02 22:57:00
UNIVPHOTO.NS,223.97,2026-01-02 22:57:00
UNOMINDA.NS,1321.2,2026-01-02 22:57:00
UPL.NS,804.65,2026-01-02 22:57:01
URAVIDEF.NS,188.99,2026-01-02 22:57:01
URBANCO.NS,132.7,2026-01-02 22:57:01
URJA.NS,11.37,2026-01-02 22:57:01
USHAMART.NS,451.3,2026-01-02 22:57:02
USK.NS,23.82,2026-01-02 22:57:02
UTIAMC.NS,1127.7,2026-01-02 22:57:02
UTKARSHBNK.NS,15.33,2026-01-02 22:57:02
UTLSOLAR.NS,224.71,2026-01-02 22:57:03
UTTAMSUGAR.NS,253.2,2026-01-02 22:57:03
UYFINCORP.NS,14.06,2026-01-02 22:57:03
V2RETAIL.NS,2438.5,2026-01-02 22:57:03
VADILALIND.NS,4861.7,2026-01-02 22:57:04
VAIBHAVGBL.NS,237.86,2026-01-02 22:57:04
VAISHALI.NS,8.74,2026-01-02 22:57:04
VAKRANGEE.NS,7.99,2026-01-02 22:57:04
VALIANTLAB.NS,69.39,2026-01-02 22:57:07
VALIANTORG.NS,278.05,2026-01-02 22:57:07
VARDHACRLC.NS,38.98,2026-01-02 22:57:07
VARDMNPOLY.NS,6.23,2026-01-02 22:57:07
VARROC.NS,610.8,2026-01-02 22:57:08
VASCONEQ.NS,46.65,2026-01-02 22:57:08
VASWANI.NS,60.06,2026-01-02 22:57:08
VBL.NS,493.8,2026-01-02 22:57:09
VCL.NS,2.24,2026-01-02 22:57:09
VEDL.NS,616.95,2026-01-02 22:57:09
VEEDOL.NS,1642.3,2026-01-02 22:57:09
VENKEYS.NS,1606.2,2026-01-02 22:57:10
VENTIVE.NS,748.15,2026-01-02 22:57:10
VENUSPIPES.NS,1206.8,2026-01-02 22:57:10
VENUSREM.NS,779.6,2026-01-02 22:57:10
VERANDA.NS,217.46,2026-01-02 22:57:11
VERTOZ.NS,69.8,2026-01-02 22:57:11
VESUVIUS.NS,481.45,2026-01-02 22:57:11
VETO.NS,114.38,2026-01-02 22:57:11
VGL.NS,152.23,2026-01-02 22:57:12
VGUARD.NS,330.75,2026-01-02 22:57:12
VHL.NS,3601.7,2026-01-02 22:57:12
VHLTD.NS,140.8,2026-01-02 22:57:12
VIDHIING.NS,337.8,2026-01-02 22:57:13
VIDYAWIRES.NS,50.13,2026-01-02 22:57:13
VIJAYA.NS,1059.2,2026-01-02 22:57:13
VIJIFIN.NS,2.74,2026-01-02 22:57:13
VIKASECO.NS,1.77,2026-01-02 22:57:14
VIKASLIFE.NS,1.93,2026-01-02 22:57:14
VIKRAMSOLR.NS,239.79,2026-01-02 22:57:14
VIKRAN.NS,99.17,2026-01-02 22:57:14
VIMTALABS.NS,610.2,2026-01-02 22:57:15
VINATIORGA.NS,1601.2,2026-01-02 22:57:15
VINCOFE.NS,160.68,2026-01-02 22:57:15
VINDHYATEL.NS,1417.6,2026-01-02 22:57:16
VINEET-RE.NS,2.45,2026-01-02 22:57:16
VINEETLAB.NS,34.41,2026-01-02 22:57:16
VINNY.NS,1.26,2026-01-02 22:57:16
VINYLINDIA.NS,240.8,2026-01-02 22:57:17
VIPCLOTHNG.NS,31.36,2026-01-02 22:57:17
VIPIND.NS,388.45,2026-01-02 22:57:17
VIPULLTD.NS,11.77,2026-01-02 22:57:17
VIRINCHI.NS,23.9,2026-01-02 22:57:18
VISAKAIND.NS,72.02,2026-01-02 22:57:18
VISASTEEL.NS,52.63,2026-01-02 22:57:18
VISHNU.NS,559.9,2026-01-02 22:57:18
VISHWARAJ.NS,6.92,2026-01-02 22:57:19
VIVIDHA.NS,0.63,2026-01-02 22:57:19
VIVIMEDLAB.NS,15.12,2026-01-02 22:57:19
VLEGOV.NS,19.83,2026-01-02 22:57:19
VLSFINANCE.NS,303.3,2026-01-02 22:57:22
VMART.NS,703.2,2026-01-02 22:57:22
VMM.NS,135.95,2026-01-02 22:57:22
VMSTMT.NS,54.91,2026-01-02 22:57:22
VOLTAMP.NS,7877.0,2026-01-02 22:57:23
VOLTAS.NS,1430.2,2026-01-02 22:57:23
VPRPL.NS,50.84,2026-01-02 22:57:23
VRAJ.NS,131.72,2026-01-02 22:57:24
VRLLOG.NS,268.55,2026-01-02 22:57:24
VSSL.NS,286.8,2026-01-02 22:57:24
VSTIND.NS,251.05,2026-01-02 22:57:24
VSTL.NS,136.63,2026-01-02 22:57:25
VSTTILLERS.NS,6129.5,2026-01-02 22:57:25
VTL.NS,436.1,2026-01-02 22:57:25
WAAREEENER.NS,2866.3,2026-01-02 22:57:25
WAAREEINDO.NS,512.6,2026-01-02 22:57:26
WAAREERTL.NS,976.65,2026-01-02 22:57:26
WABAG.NS,1291.6,2026-01-02 22:57:26
WAKEFIT.NS,179.31,2026-01-02 22:57:26
WALCHANNAG.NS,187.96,2026-01-02 22:57:27
WANBURY.NS,236.01,2026-01-02 22:57:27
WCIL.NS,120.17,2026-01-02 22:57:27
WEALTH.NS,925.15,2026-01-02 22:57:28
WEBELSOLAR.NS,88.48,2026-01-02 22:57:28
WEIZMANIND.NS,96.49,2026-01-02 22:57:28
WEL.NS,153.75,2026-01-02 22:57:28
WELCORP.NS,806.35,2026-01-02 22:57:29
WELENT.NS,509.95,2026-01-02 22:57:29
WELINV.NS,1309.7,2026-01-02 22:57:29
WELSPUNLIV.NS,132.42,2026-01-02 22:57:29
WENDT.NS,7860.5,2026-01-02 22:57:30
WESTLIFE.NS,538.65,2026-01-02 22:57:30
WEWIN.NS,45.96,2026-01-02 22:57:30
WEWORK.NS,618.55,2026-01-02 22:57:30
WHEELS.NS,884.7,2026-01-02 22:57:31
WHIRLPOOL.NS,904.55,2026-01-02 22:57:31
WILLAMAGOR.NS,31.0,2026-01-02 22:57:31
WINDLAS.NS,788.9,2026-01-02 22:57:31
WINDMACHIN.NS,273.15,2026-01-02 22:57:32
WINSOME.NS,1.81,2026-01-02 22:57:32
WIPL.NS,146.51,2026-01-02 22:57:32
WIPRO.NS,269.0,2026-01-02 22:57:33
WOCKPHARMA.NS,1406.2,2026-01-02 22:57:33
WONDERLA.NS,527.4,2026-01-02 22:57:33
WORTHPERI.NS,138.33,2026-01-02 22:57:33
WSI.NS,92.53,2026-01-02 22:57:34
WSTCSTPAPR.NS,419.9,2026-01-02 22:57:34
XCHANGING.NS,82.11,2026-01-02 22:57:34
XELPMOC.NS,128.28,2026-01-02 22:57:34
XPROINDIA.NS,980.05,2026-01-02 22:57:35
XTGLOBAL.NS,35.68,2026-01-02 22:57:37
YASHO.NS,1439.1,2026-01-02 22:57:37
YATHARTH.NS,699.45,2026-01-02 22:57:37
YATRA.NS,174.91,2026-01-02 22:57:38
YESBANK.NS,22.29,2026-01-02 22:57:38
YUKEN.NS,885.1,2026-01-02 22:57:38
ZAGGLE.NS,349.95,2026-01-02 22:57:38
ZEEL.NS,91.12,2026-01-02 22:57:39
ZEELEARN.NS,7.38,2026-01-02 22:57:39
ZEEMEDIA.NS,9.02,2026-01-02 22:57:39
ZENITHEXPO.NS,210.22,2026-01-02 22:57:39
ZENITHSTL.NS,7.23,2026-01-02 22:57:40
ZENSARTECH.NS,699.35,2026-01-02 22:57:40
ZENTEC.NS,1362.4,2026-01-02 22:57:40
ZFCVINDIA.NS,15040.0,2026-01-02 22:57:40
ZIMLAB.NS,70.43,2026-01-02 22:57:41
ZODIAC.NS,304.9,2026-01-02 22:57:41
ZODIACLOTH.NS,85.2,2026-01-02 22:57:41
ZOTA.NS,1543.4,2026-01-02 22:57:42
ZUARI.NS,337.35,2026-01-02 22:57:42
ZUARIIND.NS,324.45,2026-01-02 22:57:42
ZYDUSLIFE.NS,916.9,2026-01-02 22:57:42
ZYDUSWELL.NS,471.5,2026-01-02 22:57:43
